client_order_id,symbol,side,units,status,created_at,filled_at,fill_price,broker_order_id,filled_units,metadata
cid-1f54cd297c804c738f4c31d12de38254,USD_JPY,BUY,2,FILLED,2026-09-20 21:05:12.296005+00,2026-09-20 21:05:12.422784+00,156.914,1547,2,"{""mid"": 156.86, ""strategy"": ""swing_breakout"", ""expected_mid"": 156.86, ""slippage_signed"": 0.053999999999973625}"
cid-8e56002c258a4c5c8eafc800d319b13b,USD_CHF,SELL,2,CANCELLED,2026-09-20 21:05:12.821094+00,,,,,"{""mid"": 0.82231, ""reason"": ""execution_failed"", ""strategy"": ""swing_trend""}"
cid-5019ec1b336e482ba4ea1860cf540cfa,GBP_USD,BUY,1,CANCELLED,2026-09-20 21:06:13.264311+00,,,,,"{""mid"": 1.33869, ""reason"": ""execution_failed"", ""strategy"": ""swing_trend""}"
cid-c51054c0d8654b5ca34df06e8d16768d,AUD_USD,BUY,3,CANCELLED,2026-09-20 21:06:13.733715+00,,,,,"{""mid"": 0.71136, ""reason"": ""execution_failed"", ""strategy"": ""swing_mean_reversion""}"
cid-be73cef7bbbc4d9c95ebfc14b3512154,USD_CHF,SELL,2,CANCELLED,2026-09-20 21:07:15.548221+00,,,,,"{""mid"": 0.82231, ""reason"": ""execution_failed"", ""strategy"": ""swing_breakout""}"
cid-487a9d10b9c2417fa92a974715852371,GBP_USD,BUY,1,CANCELLED,2026-09-20 21:10:19.597047+00,,,,,"{""mid"": 1.33906, ""reason"": ""execution_failed"", ""strategy"": ""swing_trend""}"
cid-d7ac1402e0374d97bd2dce81b10546f4,AUD_USD,BUY,3,CANCELLED,2026-09-20 21:10:19.960729+00,,,,,"{""mid"": 0.71145, ""reason"": ""execution_failed"", ""strategy"": ""swing_trend""}"
cid-fc0cef6436c741b9a8ec73adbebfb318,USD_CHF,SELL,2,CANCELLED,2026-09-20 21:10:20.325992+00,,,,,"{""mid"": 0.82231, ""reason"": ""execution_failed"", ""strategy"": ""swing_trend""}"
cid-d60a01693048434aa7c73609dcf3a318,GBP_USD,BUY,1,CANCELLED,2026-09-20 21:13:23.580009+00,,,,,"{""mid"": 1.33906, ""reason"": ""execution_failed"", ""strategy"": ""swing_mean_reversion""}"
cid-c92ca38a553e49f3b39b46739314d9f8,AUD_USD,BUY,3,CANCELLED,2026-09-20 21:14:24.78367+00,,,,,"{""mid"": 0.71145, ""reason"": ""execution_failed"", ""strategy"": ""swing_breakout""}"
cid-aa29eaa71e9c4224b82d8b505aa3dec5,USD_CAD,SELL,2,FILLED,2026-09-20 21:14:25.037498+00,2026-09-20 21:14:25.155118+00,1.39822,1569,2,"{""mid"": 1.39845, ""strategy"": ""swing_breakout"", ""expected_mid"": 1.39845, ""slippage_signed"": 0.00022999999999995246}"
cid-46ffdeed60e340a4b969bb0919a96676,USD_CHF,SELL,2,CANCELLED,2026-09-20 21:14:25.286337+00,,,,,"{""mid"": 0.82231, ""reason"": ""execution_failed"", ""strategy"": ""swing_breakout""}"
cid-3ecc062b86694c109d02ffa5abf27087,USD_CHF,SELL,2,CANCELLED,2026-09-20 21:15:26.171748+00,,,,,"{""mid"": 0.82265, ""reason"": ""execution_failed"", ""strategy"": ""swing_mean_reversion""}"
cid-1e9a5b63d4364112ba2edf697655b074,USD_CHF,SELL,2,CANCELLED,2026-09-20 21:16:27.154338+00,,,,,"{""mid"": 0.82265, ""reason"": ""execution_failed"", ""strategy"": ""swing_breakout""}"
cid-3ad6c9fc8fd74b238ec33060874fd72f,GBP_USD,BUY,1,CANCELLED,2026-09-20 21:20:30.02221+00,,,,,"{""mid"": 1.33891, ""reason"": ""execution_failed"", ""strategy"": ""swing_mean_reversion""}"
cid-e8b5b9a467674511ba35da16d1f5bc9c,GBP_USD,BUY,1,CANCELLED,2026-09-20 21:23:32.64557+00,,,,,"{""mid"": 1.33891, ""reason"": ""execution_failed"", ""strategy"": ""swing_mean_reversion""}"
cid-2dc5374dcd44479895b3b6efce85c711,USD_CHF,SELL,2,CANCELLED,2026-09-20 21:29:38.348887+00,,,,,"{""mid"": 0.82274, ""reason"": ""execution_failed"", ""strategy"": ""swing_breakout""}"
cid-19a75248747940d6b72527c6bf52eed4,USD_CHF,SELL,2,CANCELLED,2026-09-20 21:31:47.237658+00,,,,,"{""mid"": 0.82265, ""reason"": ""execution_failed"", ""strategy"": ""swing_breakout""}"
cid-89dabb27f6e6492d985ec077a4fa89c7,USD_CHF,SELL,2,CANCELLED,2026-09-20 21:32:50.2302+00,,,,,"{""mid"": 0.82265, ""reason"": ""execution_failed"", ""strategy"": ""swing_trend""}"
cid-032b03ea06c0406cab2bcdf83db34758,EUR_USD,BUY,2,FILLED,2026-09-20 21:33:50.551444+00,2026-09-20 21:33:50.668675+00,1.14803,1589,2,"{""mid"": 1.148, ""strategy"": ""swing_mean_reversion"", ""expected_mid"": 1.148, ""slippage_signed"": 0.000030000000000196536}"
cid-bfad09b2ed8f41ed9a6fb1cabc0b4546,EUR_USD,BUY,2,FILLED,2026-09-20 21:41:57.6142+00,2026-09-20 21:41:57.742337+00,1.14806,1597,2,"{""mid"": 1.1481, ""strategy"": ""swing_breakout"", ""expected_mid"": 1.1481, ""slippage_signed"": -0.00003999999999981796}"
cid-ae93edfa67b04d3dade5512ebefcc5e6,GBP_USD,BUY,1,CANCELLED,2026-09-20 21:45:04.049479+00,,,,,"{""mid"": 1.33882, ""reason"": ""execution_failed"", ""strategy"": ""swing_breakout""}"
cid-20b85bf7b54e471a95b179b4be631cb1,EUR_USD,BUY,2,FILLED,2026-09-20 21:55:16.016444+00,2026-09-20 21:55:16.134405+00,1.14822,1607,2,"{""mid"": 1.14812, ""strategy"": ""swing_breakout"", ""expected_mid"": 1.14812, ""slippage_signed"": 0.00009999999999998899}"
cid-60e7f5c618da4d77842a8ccb69ea9899,USD_CHF,SELL,2,CANCELLED,2026-09-20 22:03:24.149665+00,,,,,"{""mid"": 0.82312, ""reason"": ""execution_failed"", ""strategy"": ""swing_breakout""}"
cid-db49fd9cdc054bb7b9f4cd98020f2801,GBP_USD,BUY,1,FILLED,2026-09-20 22:04:24.564963+00,2026-09-20 22:04:24.679838+00,1.33937,1617,1,"{""mid"": 1.3387, ""strategy"": ""swing_breakout"", ""expected_mid"": 1.3387, ""slippage_signed"": 0.0006699999999999484}"
cid-f1ebcd92bfbc4bfb95bd42f3fe533bee,USD_JPY,BUY,2,FILLED,2026-09-20 22:06:26.54292+00,2026-09-20 22:06:26.672594+00,156.757,1621,2,"{""mid"": 156.736, ""strategy"": ""swing_trend"", ""expected_mid"": 156.736, ""slippage_signed"": 0.021000000000015007}"
cid-a7456910c7c14ef1a9da9ae10e01c29c,USD_JPY,BUY,2,FILLED,2026-09-20 22:08:28.422583+00,2026-09-20 22:08:28.542307+00,156.832,1629,2,"{""mid"": 156.736, ""strategy"": ""swing_mean_reversion"", ""expected_mid"": 156.736, ""slippage_signed"": 0.09600000000000364}"
cid-4a3c542df482419b9c930f09b8ec1305,USD_JPY,BUY,2,FILLED,2026-09-20 22:11:32.132613+00,2026-09-20 22:11:32.260725+00,156.857,1637,2,"{""mid"": 156.848, ""strategy"": ""swing_mean_reversion"", ""expected_mid"": 156.848, ""slippage_signed"": 0.00899999999998613}"
cid-ae5081555da9418a9725141a96c313c9,USD_JPY,BUY,2,FILLED,2026-09-20 22:49:10.846101+00,2026-09-20 22:49:11.059112+00,157.028,1643,2,"{""mid"": 156.983, ""strategy"": ""swing_breakout"", ""expected_mid"": 156.983, ""slippage_signed"": 0.044999999999987494}"
cid-2a746f53c68e4edf804f3f9e60446a51,AUD_USD,BUY,1.5,FILLED,2026-09-20 23:51:03.029364+00,2026-09-20 23:51:03.148739+00,0.71231,1651,2,"{""mid"": 0.71229, ""strategy"": ""swing_breakout"", ""expected_mid"": 0.71229, ""slippage_signed"": 0.000020000000000020002}"
cid-9eb37fe227084c8080b6a7f73b6a463b,USD_CHF,SELL,2,FILLED,2026-09-21 00:05:14.105522+00,2026-09-21 00:05:14.227157+00,0.82263,1657,2,"{""mid"": 0.82274, ""strategy"": ""swing_mean_reversion"", ""expected_mid"": 0.82274, ""slippage_signed"": 0.0001100000000000545}"
cid-945adca679484b46b8a38161eecd392c,AUD_USD,SELL,3,FILLED,2026-09-21 00:12:19.462336+00,2026-09-21 00:12:19.575951+00,0.71239,1661,3,"{""mid"": 0.71236, ""strategy"": ""swing_breakout"", ""expected_mid"": 0.71236, ""slippage_signed"": -0.00002999999999997449}"
cid-ba90370638334d5197f7cb87047aeb71,AUD_USD,SELL,3,FILLED,2026-09-21 00:15:22.084852+00,2026-09-21 00:15:22.200879+00,0.7124,1669,3,"{""mid"": 0.71246, ""strategy"": ""swing_mean_reversion"", ""expected_mid"": 0.71246, ""slippage_signed"": 0.00005999999999994898}"
cid-0a2823f49e0d467a8a7cc6b7d8832f24,AUD_USD,SELL,3,FILLED,2026-09-21 00:27:31.749819+00,2026-09-21 00:27:31.869438+00,0.71262,1681,3,"{""mid"": 0.7127, ""strategy"": ""swing_breakout"", ""expected_mid"": 0.7127, ""slippage_signed"": 0.00007999999999996898}"
cid-4fdb0dc3d11c4bac9cf3a96f09fe3577,AUD_USD,SELL,3,FILLED,2026-09-21 00:35:38.515987+00,2026-09-21 00:35:38.633709+00,0.71278,1689,3,"{""mid"": 0.71284, ""strategy"": ""swing_breakout"", ""expected_mid"": 0.71284, ""slippage_signed"": 0.000060000000000060005}"
cid-7e35a8d612b445c6b0281028facfaced,EUR_USD,SELL,2,FILLED,2026-09-21 00:40:42.428232+00,2026-09-21 00:40:42.544535+00,1.14849,1697,2,"{""mid"": 1.1484, ""strategy"": ""swing_trend"", ""expected_mid"": 1.1484, ""slippage_signed"": -0.00008999999999992347}"
cid-6adfb4f780f44d30831c96ae17633d72,EUR_USD,SELL,2,FILLED,2026-09-21 00:42:44.344087+00,2026-09-21 00:42:44.462355+00,1.14834,1705,2,"{""mid"": 1.1484, ""strategy"": ""swing_mean_reversion"", ""expected_mid"": 1.1484, ""slippage_signed"": 0.00006000000000017103}"
cid-ad70c32a3b834af18ef6f59184065067,AUD_USD,BUY,3,FILLED,2026-09-21 00:47:49.157442+00,2026-09-21 00:47:49.276423+00,0.71299,1717,3,"{""mid"": 0.71294, ""strategy"": ""swing_breakout"", ""expected_mid"": 0.71294, ""slippage_signed"": 0.00004999999999999449}"
cid-339c36156f1c4e7a9a7bd2b90899d95b,USD_CHF,BUY,2,FILLED,2026-09-21 00:47:49.539048+00,2026-09-21 00:47:49.657833+00,0.82228,1721,2,"{""mid"": 0.82223, ""strategy"": ""swing_trend"", ""expected_mid"": 0.82223, ""slippage_signed"": 0.00004999999999999449}"
cid-dac502a94fe24ded8493f610ca7541cf,USD_JPY,SELL,2,FILLED,2026-09-21 00:51:52.68774+00,2026-09-21 00:51:52.810454+00,156.738,1731,2,"{""mid"": 156.793, ""strategy"": ""trend"", ""expected_mid"": 156.793, ""slippage_signed"": 0.05500000000000682}"
cid-0f9e82657e394632a9a68f2441d6f66e,USD_CAD,BUY,2,FILLED,2026-09-21 00:52:53.883229+00,2026-09-21 00:52:53.998327+00,1.39944,1735,2,"{""mid"": 1.3994, ""strategy"": ""swing_mean_reversion"", ""expected_mid"": 1.3994, ""slippage_signed"": 0.000040000000000040004}"
cid-81154f40503640af90ebbcc85825b3e0,USD_CHF,BUY,2,FILLED,2026-09-21 01:01:00.541499+00,2026-09-21 01:01:00.656277+00,0.82248,1739,2,"{""mid"": 0.82251, ""strategy"": ""swing_mean_reversion"", ""expected_mid"": 0.82251, ""slippage_signed"": -0.00002999999999997449}"
cid-7a695453e524454d91a5a42d03b745de,EUR_USD,SELL,2,FILLED,2026-09-21 01:12:09.257044+00,2026-09-21 01:12:09.384365+00,1.14832,1745,2,"{""mid"": 1.14834, ""strategy"": ""swing_trend"", ""expected_mid"": 1.14834, ""slippage_signed"": 0.00001999999999990898}"
cid-2ccd8c346dca40ecbbcec65f48c1af62,USD_CHF,BUY,2,FILLED,2026-09-21 01:30:24.625105+00,2026-09-21 01:30:24.760232+00,0.82241,1753,2,"{""mid"": 0.82232, ""strategy"": ""swing_trend"", ""expected_mid"": 0.82232, ""slippage_signed"": 0.00008999999999992347}"
cid-2278b070c5e343a59e3c3269a5bcac36,GBP_USD,SELL,1,FILLED,2026-09-21 02:27:09.539612+00,2026-09-21 02:27:09.657513+00,1.33859,1763,1,"{""mid"": 1.33862, ""strategy"": ""swing_mean_reversion"", ""expected_mid"": 1.33862, ""slippage_signed"": 0.00002999999999997449}"
cid-330a3589214f49398b4e5de9539a2ee1,AUD_USD,SELL,3,FILLED,2026-09-21 03:04:40.608268+00,2026-09-21 03:04:40.732381+00,0.71212,1769,3,"{""mid"": 0.7122, ""strategy"": ""swing_trend"", ""expected_mid"": 0.7122, ""slippage_signed"": 0.00008000000000008001}"
cid-fcbd3fc7064344729bac3416bb14c7e8,USD_CHF,BUY,2,FILLED,2026-09-21 03:17:51.945057+00,2026-09-21 03:17:52.06536+00,0.823,1779,2,"{""mid"": 0.82306, ""strategy"": ""swing_trend"", ""expected_mid"": 0.82306, ""slippage_signed"": -0.000060000000000060005}"
cid-3acc7c73700d49d7af60485bd8381482,USD_JPY,BUY,2,FILLED,2026-09-21 03:28:00.041459+00,2026-09-21 03:28:00.163521+00,156.94,1785,2,"{""mid"": 156.928, ""strategy"": ""swing_breakout"", ""expected_mid"": 156.928, ""slippage_signed"": 0.012000000000000455}"
cid-e82cea7ae9ba467d9ae1c787a0ea7c44,AUD_USD,BUY,3,FILLED,2026-09-21 04:06:31.866903+00,2026-09-21 04:06:31.983021+00,0.71278,1789,3,"{""mid"": 0.71275, ""strategy"": ""swing_mean_reversion"", ""expected_mid"": 0.71275, ""slippage_signed"": 0.00002999999999997449}"
cid-3b50da2101804daf9bca845e591fda23,USD_JPY,BUY,2,FILLED,2026-09-21 04:26:48.135504+00,2026-09-21 04:26:48.260875+00,157.032,1797,2,"{""mid"": 157.012, ""strategy"": ""swing_mean_reversion"", ""expected_mid"": 157.012, ""slippage_signed"": 0.020000000000010232}"
cid-f84c1feb89de4a1b8485f026f308fdcd,USD_CAD,BUY,2,FILLED,2026-09-21 04:30:51.770716+00,2026-09-21 04:30:51.889349+00,1.40059,1803,2,"{""mid"": 1.40046, ""strategy"": ""swing_mean_reversion"", ""expected_mid"": 1.40046, ""slippage_signed"": 0.00012999999999996348}"
cid-52ac3f79888f49598c9655d768696222,AUD_USD,BUY,3,FILLED,2026-09-21 05:25:36.412898+00,2026-09-21 05:25:36.524604+00,0.71246,1809,3,"{""mid"": 0.7124, ""strategy"": ""swing_mean_reversion"", ""expected_mid"": 0.7124, ""slippage_signed"": 0.00005999999999994898}"
cid-adc37ebb743a4b6591c2aa0f583fed66,USD_CHF,BUY,2,FILLED,2026-09-21 05:45:53.275442+00,2026-09-21 05:45:53.384446+00,0.82342,1821,2,"{""mid"": 0.82328, ""strategy"": ""swing_breakout"", ""expected_mid"": 0.82328, ""slippage_signed"": 0.000140000000000029}"
cid-403298526f2a4f5c8c9c80da3f63f400,AUD_USD,BUY,3,FILLED,2026-09-21 06:07:10.340909+00,2026-09-21 06:07:10.456307+00,0.71227,1825,3,"{""mid"": 0.71219, ""strategy"": ""swing_breakout"", ""expected_mid"": 0.71219, ""slippage_signed"": 0.00007999999999996898}"
cid-7e9097c3db2a41d292ff6de4a3335253,AUD_USD,SELL,3,FILLED,2026-09-21 06:24:24.601947+00,2026-09-21 06:24:24.716533+00,0.71226,1835,3,"{""mid"": 0.71234, ""strategy"": ""swing_breakout"", ""expected_mid"": 0.71234, ""slippage_signed"": 0.00007999999999996898}"
cid-de695f41d79542feabf8efdcb42c6d63,AUD_USD,SELL,3,FILLED,2026-09-21 06:29:28.935438+00,2026-09-21 06:29:29.052051+00,0.71251,1841,3,"{""mid"": 0.71242, ""strategy"": ""swing_mean_reversion"", ""expected_mid"": 0.71242, ""slippage_signed"": -0.00008999999999992347}"
cid-33f264ec226d4191bd3359de5f0e2e94,EUR_USD,SELL,2,FILLED,2026-09-21 06:31:30.451664+00,2026-09-21 06:31:30.564273+00,1.14739,1849,2,"{""mid"": 1.14752, ""strategy"": ""swing_trend"", ""expected_mid"": 1.14752, ""slippage_signed"": 0.00013000000000018552}"
cid-d6654c6c489042299411f87f6977809a,AUD_USD,SELL,3,FILLED,2026-09-21 06:46:43.125298+00,2026-09-21 06:46:43.237461+00,0.71263,1855,3,"{""mid"": 0.71262, ""strategy"": ""swing_mean_reversion"", ""expected_mid"": 0.71262, ""slippage_signed"": -0.00000999999999995449}"
cid-75a5b054fb1940af831f740894cb6e7b,USD_CHF,BUY,2,FILLED,2026-09-21 06:47:44.423238+00,2026-09-21 06:47:44.537246+00,0.82334,1863,2,"{""mid"": 0.82318, ""strategy"": ""swing_breakout"", ""expected_mid"": 0.82318, ""slippage_signed"": 0.00015999999999993797}"
cid-7f852213b1ee4b018ee58f75ee61b680,USD_CHF,BUY,2,FILLED,2026-09-21 07:14:06.063584+00,2026-09-21 07:14:06.175916+00,0.82391,1869,2,"{""mid"": 0.82373, ""strategy"": ""swing_trend"", ""expected_mid"": 0.82373, ""slippage_signed"": 0.000180000000000069}"
cid-f48111afdb7b40af98e19c20a0bcbf7a,USD_JPY,BUY,2,FILLED,2026-09-21 07:20:10.852751+00,2026-09-21 07:20:10.970801+00,157.265,1875,2,"{""mid"": 157.254, ""strategy"": ""swing_trend"", ""expected_mid"": 157.254, ""slippage_signed"": 0.01099999999999568}"
cid-7d79cea705ed41e8a2f9b6ababc1047f,GBP_USD,SELL,1,FILLED,2026-09-21 07:26:16.152664+00,2026-09-21 07:26:16.2659+00,1.33764,1883,1,"{""mid"": 1.33768, ""strategy"": ""swing_mean_reversion"", ""expected_mid"": 1.33768, ""slippage_signed"": 0.000040000000000040004}"
cid-7af04f1cbec44b0385e69934784f5287,EUR_USD,SELL,2,FILLED,2026-09-21 07:28:17.921109+00,2026-09-21 07:28:18.035094+00,1.14755,1891,2,"{""mid"": 1.14744, ""strategy"": ""swing_mean_reversion"", ""expected_mid"": 1.14744, ""slippage_signed"": -0.0001100000000000545}"
cid-3d3219a883fe4462976dd5e58ec47658,AUD_USD,BUY,3,FILLED,2026-09-21 07:32:21.875908+00,2026-09-21 07:32:21.995905+00,0.71278,1897,3,"{""mid"": 0.71276, ""strategy"": ""swing_trend"", ""expected_mid"": 0.71276, ""slippage_signed"": 0.000020000000000020002}"
cid-b879ba130b1a44e588fb9f52146d4e05,GBP_USD,SELL,1,FILLED,2026-09-21 07:33:22.590933+00,2026-09-21 07:33:22.705735+00,1.3379,1901,1,"{""mid"": 1.33786, ""strategy"": ""swing_mean_reversion"", ""expected_mid"": 1.33786, ""slippage_signed"": -0.000040000000000040004}"
cid-33e36a8177a74562a256532b016cbb93,USD_CHF,BUY,2,FILLED,2026-09-21 07:34:24.149438+00,2026-09-21 07:34:24.267443+00,0.82323,1909,2,"{""mid"": 0.82328, ""strategy"": ""swing_breakout"", ""expected_mid"": 0.82328, ""slippage_signed"": -0.00004999999999999449}"
cid-2b96122d21ab4d6fad4eb1486b286a43,USD_JPY,BUY,2,FILLED,2026-09-21 07:36:25.637472+00,2026-09-21 07:36:25.751429+00,157.226,1917,2,"{""mid"": 157.2, ""strategy"": ""trend"", ""expected_mid"": 157.2, ""slippage_signed"": 0.02600000000001046}"
cid-fa9a17f5a7a948b5a8a3273054d3e159,GBP_USD,SELL,1,FILLED,2026-09-21 07:50:37.280745+00,2026-09-21 07:50:37.405548+00,1.33802,1925,1,"{""mid"": 1.33808, ""strategy"": ""swing_mean_reversion"", ""expected_mid"": 1.33808, ""slippage_signed"": 0.00005999999999994898}"
cid-238f91c2ff654c53b85f0b7ff710905a,USD_CHF,BUY,2,FILLED,2026-09-21 07:51:39.085087+00,2026-09-21 07:51:39.224423+00,0.82277,1933,2,"{""mid"": 0.82274, ""strategy"": ""swing_breakout"", ""expected_mid"": 0.82274, ""slippage_signed"": 0.00002999999999997449}"
cid-009510627bdb4a30933e157f1f5ffe23,EUR_USD,SELL,2,FILLED,2026-09-21 07:54:41.148114+00,2026-09-21 07:54:41.266725+00,1.14777,1941,2,"{""mid"": 1.1478, ""strategy"": ""swing_breakout"", ""expected_mid"": 1.1478, ""slippage_signed"": 0.00002999999999997449}"
cid-c18a217e2f404cdb96063f1b1dd0b2ff,AUD_USD,BUY,3,FILLED,2026-09-21 07:56:43.466852+00,2026-09-21 07:56:43.587083+00,0.71291,1949,3,"{""mid"": 0.71284, ""strategy"": ""swing_trend"", ""expected_mid"": 0.71284, ""slippage_signed"": 0.0000700000000000145}"
cid-a19b2e933082431f8136f0c294aaa56b,USD_CAD,BUY,2,FILLED,2026-09-21 08:00:47.264032+00,2026-09-21 08:00:47.384081+00,1.40155,1953,2,"{""mid"": 1.40149, ""strategy"": ""swing_breakout"", ""expected_mid"": 1.40149, ""slippage_signed"": 0.00006000000000017103}"
cid-dacd1aea7deb4f20b6495d5d1d4da963,USD_CHF,BUY,2,FILLED,2026-09-21 08:01:48.465362+00,2026-09-21 08:01:48.582387+00,0.82325,1961,2,"{""mid"": 0.82308, ""strategy"": ""swing_mean_reversion"", ""expected_mid"": 0.82308, ""slippage_signed"": 0.00017000000000000348}"
cid-8b0a6191fa4d4fb0a5e5c700122bc356,GBP_USD,SELL,1,FILLED,2026-09-21 08:07:53.395299+00,2026-09-21 08:07:53.513027+00,1.33803,1969,1,"{""mid"": 1.33814, ""strategy"": ""swing_trend"", ""expected_mid"": 1.33814, ""slippage_signed"": 0.0001100000000000545}"
cid-cc6219b59dda431a885b890203812d2e,USD_CAD,BUY,2,FILLED,2026-09-21 08:10:56.54388+00,2026-09-21 08:10:56.663542+00,1.40129,1977,2,"{""mid"": 1.40126, ""strategy"": ""swing_trend"", ""expected_mid"": 1.40126, ""slippage_signed"": 0.00002999999999997449}"
cid-09be5f307df04e088ac41b442dc65a9d,USD_CHF,BUY,2,FILLED,2026-09-21 08:16:01.1979+00,2026-09-21 08:16:01.321023+00,0.82312,1985,2,"{""mid"": 0.82292, ""strategy"": ""swing_mean_reversion"", ""expected_mid"": 0.82292, ""slippage_signed"": 0.00019999999999997797}"
cid-13bb326e9c604c028ddc02cb67fcf29c,GBP_USD,SELL,1,FILLED,2026-09-21 08:18:02.58895+00,2026-09-21 08:18:02.703426+00,1.33844,1993,1,"{""mid"": 1.33848, ""strategy"": ""swing_trend"", ""expected_mid"": 1.33848, ""slippage_signed"": 0.00003999999999981796}"
cid-16356591641945de9a89a8d54da3752a,USD_CHF,BUY,2,FILLED,2026-09-21 08:20:04.957269+00,2026-09-21 08:20:05.075456+00,0.82305,2001,2,"{""mid"": 0.82292, ""strategy"": ""swing_mean_reversion"", ""expected_mid"": 0.82292, ""slippage_signed"": 0.00012999999999996348}"
cid-24513a34a3564c0697248ea94496e530,EUR_USD,SELL,2,FILLED,2026-09-21 08:31:13.846019+00,2026-09-21 08:31:13.964668+00,1.1481,2009,2,"{""mid"": 1.14798, ""strategy"": ""swing_mean_reversion"", ""expected_mid"": 1.14798, ""slippage_signed"": -0.00011999999999989797}"
cid-b44a137416eb43cd87e3cac0c23a002a,USD_CHF,BUY,2,FILLED,2026-09-21 08:32:15.501832+00,2026-09-21 08:32:15.624024+00,0.82273,2017,2,"{""mid"": 0.82281, ""strategy"": ""swing_breakout"", ""expected_mid"": 0.82281, ""slippage_signed"": -0.00008000000000008001}"
cid-828577adab81486387e949a34002070f,EUR_USD,SELL,2,FILLED,2026-09-21 08:35:17.580583+00,2026-09-21 08:35:17.701163+00,1.14836,2025,2,"{""mid"": 1.14845, ""strategy"": ""swing_breakout"", ""expected_mid"": 1.14845, ""slippage_signed"": 0.00008999999999992347}"
cid-239ccd4da8df4b01b35016d8e6788509,GBP_USD,SELL,1,FILLED,2026-09-21 08:36:18.789019+00,2026-09-21 08:36:18.904091+00,1.3386,2033,1,"{""mid"": 1.33883, ""strategy"": ""swing_trend"", ""expected_mid"": 1.33883, ""slippage_signed"": 0.00022999999999995246}"
cid-ae33935d756647d18a5f70dccb2d2907,USD_CHF,BUY,2,FILLED,2026-09-21 08:37:20.372326+00,2026-09-21 08:37:20.490809+00,0.8228,2041,2,"{""mid"": 0.82255, ""strategy"": ""swing_trend"", ""expected_mid"": 0.82255, ""slippage_signed"": 0.00024999999999997247}"
cid-22ccedaae0df4a568ec323766cd455b6,GBP_USD,BUY,1,FILLED,2026-09-21 09:00:38.979588+00,2026-09-21 09:00:39.10038+00,1.33848,2045,1,"{""mid"": 1.3383, ""strategy"": ""swing_trend"", ""expected_mid"": 1.3383, ""slippage_signed"": 0.00017999999999984695}"
cid-92c5bae4a8444df0b2adefab9fc1d4c9,USD_CAD,BUY,2,FILLED,2026-09-21 09:04:42.786122+00,2026-09-21 09:04:42.903598+00,1.40158,2051,2,"{""mid"": 1.40144, ""strategy"": ""swing_trend"", ""expected_mid"": 1.40144, ""slippage_signed"": 0.000140000000000029}"
cid-8a8cc76bc92e462e8ff667335a225465,AUD_USD,BUY,3,FILLED,2026-09-21 09:14:51.770105+00,2026-09-21 09:14:51.888855+00,0.71323,2059,3,"{""mid"": 0.7131, ""strategy"": ""swing_trend"", ""expected_mid"": 0.7131, ""slippage_signed"": 0.0001300000000000745}"
cid-aa72d8f5cfc14eeeb30c10d23790034c,USD_JPY,BUY,2,FILLED,2026-09-21 09:21:57.891757+00,2026-09-21 09:21:58.010579+00,157.235,2075,2,"{""mid"": 157.229, ""strategy"": ""swing_trend"", ""expected_mid"": 157.229, ""slippage_signed"": 0.006000000000000227}"
cid-ec90035ee9794e659043c8fdcf8c7385,USD_CHF,BUY,2,FILLED,2026-09-21 09:21:58.387054+00,2026-09-21 09:21:58.506966+00,0.82311,2079,2,"{""mid"": 0.82312, ""strategy"": ""swing_mean_reversion"", ""expected_mid"": 0.82312, ""slippage_signed"": -0.00000999999999995449}"
cid-1302b29814f44f43bdd2ef06580790c4,GBP_USD,BUY,1,FILLED,2026-09-21 09:34:07.959005+00,2026-09-21 09:34:08.075912+00,1.33831,2085,1,"{""mid"": 1.33834, ""strategy"": ""swing_breakout"", ""expected_mid"": 1.33834, ""slippage_signed"": -0.00002999999999997449}"
cid-806c93dd493f4b148a4f3475ed8d38d7,AUD_USD,BUY,3,FILLED,2026-09-21 09:35:09.134826+00,2026-09-21 09:35:09.253756+00,0.71281,2089,3,"{""mid"": 0.71273, ""strategy"": ""swing_mean_reversion"", ""expected_mid"": 0.71273, ""slippage_signed"": 0.00008000000000008001}"
cid-fa5089f723f443ef891a9b153d0118af,GBP_USD,BUY,1,FILLED,2026-09-21 09:38:11.464946+00,2026-09-21 09:38:11.582176+00,1.33852,2101,1,"{""mid"": 1.33819, ""strategy"": ""swing_breakout"", ""expected_mid"": 1.33819, ""slippage_signed"": 0.00032999999999994145}"
cid-24fe24bdc63e4f0c8dbeaf7ab5846a08,USD_JPY,BUY,2,FILLED,2026-09-21 09:39:12.582901+00,2026-09-21 09:39:12.704516+00,157.303,2105,2,"{""mid"": 157.282, ""strategy"": ""swing_breakout"", ""expected_mid"": 157.282, ""slippage_signed"": 0.020999999999986585}"
cid-165e826a8d14449bbef404da3d6f75e3,GBP_USD,BUY,1,FILLED,2026-09-21 09:40:20.821301+00,2026-09-21 09:40:20.938557+00,1.33863,2125,1,"{""mid"": 1.33858, ""strategy"": ""swing_breakout"", ""expected_mid"": 1.33858, ""slippage_signed"": 0.00004999999999988347}"
cid-46abe3c6e1ce4b3490b1d38d63c79f05,AUD_USD,BUY,3,FILLED,2026-09-21 09:41:22.151058+00,2026-09-21 09:41:22.27143+00,0.71285,2129,3,"{""mid"": 0.71285, ""strategy"": ""swing_breakout"", ""expected_mid"": 0.71285, ""slippage_signed"": 0.0}"
cid-2738f5f307bd476f9002a066e3cd7e67,USD_CHF,BUY,2,FILLED,2026-09-21 09:45:27.02051+00,2026-09-21 09:45:27.133031+00,0.82328,2133,2,"{""mid"": 0.82324, ""strategy"": ""swing_mean_reversion"", ""expected_mid"": 0.82324, ""slippage_signed"": 0.000040000000000040004}"
cid-a58bcbe3b9cd4c2792d4bcfc85c51922,USD_JPY,BUY,2,FILLED,2026-09-21 09:46:27.999727+00,2026-09-21 09:46:28.120895+00,157.281,2137,2,"{""mid"": 157.294, ""strategy"": ""scalp"", ""expected_mid"": 157.294, ""slippage_signed"": -0.01300000000000523}"
cid-6a60165219304fc389c2b7a0afb27a22,GBP_USD,BUY,1,FILLED,2026-09-21 09:52:34.107342+00,2026-09-21 09:52:34.2239+00,1.33821,2143,1,"{""mid"": 1.33798, ""strategy"": ""swing_mean_reversion"", ""expected_mid"": 1.33798, ""slippage_signed"": 0.00022999999999995246}"
cid-841ea92174274b26b2bb0a22f60defcc,USD_CHF,BUY,2,FILLED,2026-09-21 09:56:38.444233+00,2026-09-21 09:56:38.562898+00,0.82291,2149,2,"{""mid"": 0.82286, ""strategy"": ""swing_trend"", ""expected_mid"": 0.82286, ""slippage_signed"": 0.00004999999999999449}"
cid-77d63fb6d5ba4546a2bae8d43d77dcf2,USD_JPY,BUY,2,FILLED,2026-09-21 10:08:49.929701+00,2026-09-21 10:08:50.052913+00,157.274,2155,2,"{""mid"": 157.234, ""strategy"": ""swing_breakout"", ""expected_mid"": 157.234, ""slippage_signed"": 0.03999999999999204}"
cid-d82658f4eedb454aa84cf14c0006de43,USD_CAD,BUY,2,FILLED,2026-09-21 10:36:16.204111+00,2026-09-21 10:36:16.327458+00,1.40233,2161,2,"{""mid"": 1.40221, ""strategy"": ""swing_breakout"", ""expected_mid"": 1.40221, ""slippage_signed"": 0.00012000000000012001}"
cid-3c90517855494cb6961d8eed9cf5ac76,USD_CAD,BUY,2,FILLED,2026-09-21 11:00:39.986347+00,2026-09-21 11:00:40.102531+00,1.40167,2167,2,"{""mid"": 1.40168, ""strategy"": ""swing_mean_reversion"", ""expected_mid"": 1.40168, ""slippage_signed"": -0.000010000000000065512}"
cid-cebf951e79744573bf1636329bef860e,USD_CAD,BUY,2,FILLED,2026-09-21 11:20:59.86874+00,2026-09-21 11:20:59.990555+00,1.40098,2173,2,"{""mid"": 1.40104, ""strategy"": ""swing_mean_reversion"", ""expected_mid"": 1.40104, ""slippage_signed"": -0.00006000000000017103}"
cid-86fc17643ecd471bb5beff378f7cb44d,AUD_USD,BUY,3,FILLED,2026-09-21 11:26:04.971849+00,2026-09-21 11:26:05.088513+00,0.71347,2181,3,"{""mid"": 0.71335, ""strategy"": ""swing_mean_reversion"", ""expected_mid"": 0.71335, ""slippage_signed"": 0.00012000000000000899}"
cid-c26defdbfdfa4877a0a67fbec5b7c277,GBP_USD,BUY,1,FILLED,2026-09-21 11:45:01.621389+00,2026-09-21 11:45:01.74673+00,1.33959,2199,1,"{""mid"": 1.33952, ""strategy"": ""swing_trend"", ""expected_mid"": 1.33952, ""slippage_signed"": 0.0000700000000000145}"
cid-87890e0520d548fbb61a6878ccbc74d8,USD_JPY,SELL,2,FILLED,2026-09-21 11:45:01.95844+00,2026-09-21 11:45:02.083792+00,157.173,2203,2,"{""mid"": 157.182, ""strategy"": ""swing_breakout"", ""expected_mid"": 157.182, ""slippage_signed"": 0.00899999999998613}"
cid-41f479de776e434f86968cb2d6ab8cea,USD_CAD,BUY,2,FILLED,2026-09-21 11:47:04.464678+00,2026-09-21 11:47:04.586998+00,1.40036,2207,2,"{""mid"": 1.40036, ""strategy"": ""swing_breakout"", ""expected_mid"": 1.40036, ""slippage_signed"": 0.0}"
cid-642382acfbf6496c8f795d52bac5c17b,USD_CAD,BUY,2,FILLED,2026-09-21 11:52:09.574962+00,2026-09-21 11:52:09.692444+00,1.39996,2213,2,"{""mid"": 1.40004, ""strategy"": ""swing_trend"", ""expected_mid"": 1.40004, ""slippage_signed"": -0.00007999999999985796}"
cid-214b0c1c4df747a2b037b33a7d412266,USD_JPY,BUY,2,FILLED,2026-09-21 12:20:38.112591+00,2026-09-21 12:20:38.236728+00,157.289,2223,2,"{""mid"": 157.263, ""strategy"": ""swing_breakout"", ""expected_mid"": 157.263, ""slippage_signed"": 0.025999999999982037}"
cid-73af01e5b5804e4481e7ab9e9be0d54c,AUD_USD,BUY,3,FILLED,2026-09-21 12:20:38.402039+00,2026-09-21 12:20:38.527355+00,0.71389,2227,3,"{""mid"": 0.71394, ""strategy"": ""swing_mean_reversion"", ""expected_mid"": 0.71394, ""slippage_signed"": -0.00004999999999999449}"
cid-e7eff7c4e5a34360a14df72cbb23670d,USD_CAD,SELL,2,FILLED,2026-09-21 12:28:46.817406+00,2026-09-21 12:28:46.939386+00,1.40039,2233,2,"{""mid"": 1.40037, ""strategy"": ""swing_mean_reversion"", ""expected_mid"": 1.40037, ""slippage_signed"": -0.000020000000000131024}"
cid-57debe502e0c4b11a6aec8b0188f56bf,EUR_USD,BUY,2,FILLED,2026-09-21 12:40:58.553606+00,2026-09-21 12:40:58.677676+00,1.14855,2239,2,"{""mid"": 1.14849, ""strategy"": ""swing_mean_reversion"", ""expected_mid"": 1.14849, ""slippage_signed"": 0.00005999999999994898}"
cid-c898ff2aecba47b8a6402ac40890de47,USD_CHF,SELL,2,FILLED,2026-09-21 13:31:49.156863+00,2026-09-21 13:31:49.270774+00,0.82173,2245,2,"{""mid"": 0.82157, ""strategy"": ""mean_reversion"", ""expected_mid"": 0.82157, ""slippage_signed"": -0.00015999999999993797}"
cid-6fef58453fc346a48e39a87999726de5,EUR_USD,SELL,2,FILLED,2026-09-21 13:45:01.710619+00,2026-09-21 13:45:01.832026+00,1.14761,2251,2,"{""mid"": 1.14768, ""strategy"": ""trend"", ""expected_mid"": 1.14768, ""slippage_signed"": 0.0000700000000000145}"
cid-10be1f84f7884b86ac09fb41880c76bb,GBP_USD,BUY,1,FILLED,2026-09-21 13:50:06.92795+00,2026-09-21 13:50:07.048611+00,1.33826,2255,1,"{""mid"": 1.3382, ""strategy"": ""swing_mean_reversion"", ""expected_mid"": 1.3382, ""slippage_signed"": 0.00005999999999994898}"
cid-da500d847192400190cce96ecedfd3a9,USD_JPY,BUY,2,FILLED,2026-09-21 13:51:08.276457+00,2026-09-21 13:51:08.394781+00,157.43,2263,2,"{""mid"": 157.424, ""strategy"": ""swing_trend"", ""expected_mid"": 157.424, ""slippage_signed"": 0.006000000000000227}"
cid-8892534a2cba4b3486759c4cfe64378d,USD_CAD,SELL,2,FILLED,2026-09-21 13:55:12.880388+00,2026-09-21 13:55:13.005763+00,1.40105,2269,2,"{""mid"": 1.40116, ""strategy"": ""mean_reversion"", ""expected_mid"": 1.40116, ""slippage_signed"": 0.0001100000000000545}"
cid-4ce924aa05aa4f918ca2ef2026a8573e,USD_CAD,SELL,2,FILLED,2026-09-21 14:05:23.333477+00,2026-09-21 14:05:23.45232+00,1.40186,2277,2,"{""mid"": 1.40192, ""strategy"": ""scalp"", ""expected_mid"": 1.40192, ""slippage_signed"": 0.00005999999999994898}"
cid-9d5cca123fe8485b974bc3b7638ad4bc,GBP_USD,BUY,1,FILLED,2026-09-21 14:06:24.206185+00,2026-09-21 14:06:24.328988+00,1.33704,2285,1,"{""mid"": 1.33714, ""strategy"": ""swing_breakout"", ""expected_mid"": 1.33714, ""slippage_signed"": -0.00009999999999998899}"
cid-482ab998c29948118f773e97c1e04812,EUR_USD,SELL,2,FILLED,2026-09-21 14:07:25.291684+00,2026-09-21 14:07:25.417655+00,1.14672,2289,2,"{""mid"": 1.14686, ""strategy"": ""mean_reversion"", ""expected_mid"": 1.14686, ""slippage_signed"": 0.000140000000000029}"
cid-3d33bca0531c48e8a994057fd987f524,EUR_USD,SELL,2,FILLED,2026-09-21 14:31:50.077304+00,2026-09-21 14:31:50.22685+00,1.14737,2297,2,"{""mid"": 1.14725, ""strategy"": ""mean_reversion"", ""expected_mid"": 1.14725, ""slippage_signed"": -0.00011999999999989797}"
cid-451ccd40e74347358c5b306acab8fc13,USD_JPY,BUY,2,FILLED,2026-09-21 14:33:52.432552+00,2026-09-21 14:33:52.553607+00,157.336,2301,2,"{""mid"": 157.368, ""strategy"": ""swing_mean_reversion"", ""expected_mid"": 157.368, ""slippage_signed"": -0.031999999999982265}"
cid-14c4ecbc1c6b4d6dbaf51d89f3cbf4ba,USD_JPY,BUY,2,FILLED,2026-09-21 14:59:17.320193+00,2026-09-21 14:59:17.438327+00,157.465,2309,2,"{""mid"": 157.486, ""strategy"": ""trend"", ""expected_mid"": 157.486, ""slippage_signed"": -0.020999999999986585}"
cid-771eaed9548346a48a61e63b6cb6b4c9,USD_CAD,BUY,2,FILLED,2026-09-21 16:11:27.417434+00,2026-09-21 16:11:27.539375+00,1.40249,2317,2,"{""mid"": 1.40243, ""strategy"": ""mean_reversion"", ""expected_mid"": 1.40243, ""slippage_signed"": 0.00005999999999994898}"
cid-4601477a0b9249ff9cdf56699a2c3d4b,USD_CHF,SELL,2,FILLED,2026-09-21 16:11:27.684646+00,2026-09-21 16:11:27.809794+00,0.82125,2321,2,"{""mid"": 0.82132, ""strategy"": ""mean_reversion"", ""expected_mid"": 0.82132, ""slippage_signed"": 0.0000700000000000145}"
cid-f319432088a2419387051431ffb82245,EUR_USD,SELL,2,FILLED,2026-09-21 18:31:44.38737+00,2026-09-21 18:31:44.513382+00,1.14637,2329,2,"{""mid"": 1.14658, ""strategy"": ""swing_trend"", ""expected_mid"": 1.14658, ""slippage_signed"": 0.00021000000000004349}"
cid-bdf92a9011a94b10a85379b8dc1b6ced,AUD_USD,SELL,3,FILLED,2026-09-21 18:41:54.632947+00,2026-09-21 18:41:54.751318+00,0.71191,2337,3,"{""mid"": 0.71198, ""strategy"": ""swing_trend"", ""expected_mid"": 0.71198, ""slippage_signed"": 0.00006999999999990347}"
cid-46543c09bec04bb89b892e914b911f34,AUD_USD,SELL,3,FILLED,2026-09-21 18:56:08.547404+00,2026-09-21 18:56:08.666122+00,0.71213,2343,3,"{""mid"": 0.71218, ""strategy"": ""swing_breakout"", ""expected_mid"": 0.71218, ""slippage_signed"": 0.00004999999999999449}"
cid-db3aefa08be141d6ab9d197177d3df99,USD_CAD,BUY,2,FILLED,2026-09-21 19:38:50.97292+00,2026-09-21 19:38:51.112504+00,1.40337,2351,2,"{""mid"": 1.40351, ""strategy"": ""swing_mean_reversion"", ""expected_mid"": 1.40351, ""slippage_signed"": -0.000140000000000029}"
cid-ab48d116484847839daa09daf6c28c74,EUR_USD,SELL,2,FILLED,2026-09-21 19:40:52.569523+00,2026-09-21 19:40:52.690643+00,1.14686,2357,2,"{""mid"": 1.14691, ""strategy"": ""swing_breakout"", ""expected_mid"": 1.14691, ""slippage_signed"": 0.000050000000000105516}"
cid-3d089330deab461b9327af2da9521958,AUD_USD,SELL,3,FILLED,2026-09-21 19:40:53.079908+00,2026-09-21 19:40:53.203788+00,0.71224,2361,3,"{""mid"": 0.71231, ""strategy"": ""swing_breakout"", ""expected_mid"": 0.71231, ""slippage_signed"": 0.0000700000000000145}"
cid-e74d1201ae17476bbc9c9de41022fa01,EUR_USD,SELL,2,FILLED,2026-09-21 20:02:14.276603+00,2026-09-21 20:02:14.394158+00,1.14641,2373,2,"{""mid"": 1.14644, ""strategy"": ""swing_breakout"", ""expected_mid"": 1.14644, ""slippage_signed"": 0.00002999999999997449}"
cid-429aa4075ea743be9a16f6b9d86d7050,AUD_USD,SELL,3,FILLED,2026-09-21 20:04:16.717597+00,2026-09-21 20:04:16.836397+00,0.71179,2377,3,"{""mid"": 0.71192, ""strategy"": ""swing_mean_reversion"", ""expected_mid"": 0.71192, ""slippage_signed"": 0.00012999999999996348}"
cid-794f1bb92d0343ea84cbf07ba810b6f9,USD_JPY,SELL,2,FILLED,2026-09-21 21:05:15.437617+00,2026-09-21 21:05:15.567569+00,157.272,2390,2,"{""mid"": 157.318, ""strategy"": ""swing_breakout"", ""expected_mid"": 157.318, ""slippage_signed"": 0.04600000000002069}"
cid-3f73a47a2983437bb2915731c773e912,USD_CAD,BUY,2,CANCELLED,2026-09-21 21:05:15.839444+00,,,,,"{""mid"": 1.40323, ""reason"": ""execution_failed"", ""strategy"": ""swing_trend""}"
cid-7440835d6e9348529e82bd49e2b1276b,USD_CAD,BUY,2,CANCELLED,2026-09-21 21:07:17.902741+00,,,,,"{""mid"": 1.40323, ""reason"": ""execution_failed"", ""strategy"": ""swing_breakout""}"
cid-50111f06fd56401dbf9951827acabd08,USD_CHF,SELL,2,CANCELLED,2026-09-21 21:07:18.151926+00,,,,,"{""mid"": 0.82179, ""reason"": ""execution_failed"", ""strategy"": ""swing_breakout""}"
cid-72a3ea00ed2c4ee3be587d96411a6aec,EUR_USD,SELL,2,FILLED,2026-09-21 21:08:18.606754+00,2026-09-21 21:08:18.724836+00,1.14664,2400,2,"{""mid"": 1.14686, ""strategy"": ""swing_breakout"", ""expected_mid"": 1.14686, ""slippage_signed"": 0.00021999999999988695}"
cid-efbb4c508868488aa80e0183110045e6,AUD_USD,SELL,3,CANCELLED,2026-09-21 21:08:19.0992+00,,,,,"{""mid"": 0.71186, ""reason"": ""execution_failed"", ""strategy"": ""swing_trend""}"
cid-56d4925211f947d686bfec06c8cee544,GBP_USD,SELL,1,CANCELLED,2026-09-21 21:09:19.932448+00,,,,,"{""mid"": 1.33654, ""reason"": ""execution_failed"", ""strategy"": ""swing_trend""}"
cid-65d8a119f1374a76aa8051a3f35d43b8,USD_CAD,BUY,2,CANCELLED,2026-09-21 21:09:20.438642+00,,,,,"{""mid"": 1.40323, ""reason"": ""execution_failed"", ""strategy"": ""swing_mean_reversion""}"
cid-99085b0477f24242977ca96fc97a7bc0,USD_CHF,SELL,2,CANCELLED,2026-09-21 21:09:20.685622+00,,,,,"{""mid"": 0.82179, ""reason"": ""execution_failed"", ""strategy"": ""swing_breakout""}"
cid-f5f47d78fc56426c928cb81bcb64c86b,AUD_USD,SELL,3,CANCELLED,2026-09-21 21:11:22.558453+00,,,,,"{""mid"": 0.71202, ""reason"": ""execution_failed"", ""strategy"": ""swing_trend""}"
cid-514d875a8bfe4066b47235703f0e7a48,USD_CHF,SELL,2,CANCELLED,2026-09-21 21:12:23.906883+00,,,,,"{""mid"": 0.82147, ""reason"": ""execution_failed"", ""strategy"": ""swing_trend""}"
cid-d089ed2f8de84c41b1b17f999211ab9c,USD_CHF,SELL,2,CANCELLED,2026-09-21 21:13:24.980475+00,,,,,"{""mid"": 0.82147, ""reason"": ""execution_failed"", ""strategy"": ""swing_breakout""}"
cid-45930c33d5644351921728bd453344ff,EUR_USD,SELL,2,FILLED,2026-09-21 21:14:25.440715+00,2026-09-21 21:14:25.56752+00,1.1466,2420,2,"{""mid"": 1.1467, ""strategy"": ""swing_breakout"", ""expected_mid"": 1.1467, ""slippage_signed"": 0.00009999999999998899}"
cid-71b75ffa6293433587e8198ca939f9aa,GBP_USD,SELL,1,CANCELLED,2026-09-21 21:20:31.501119+00,,,,,"{""mid"": 1.33694, ""reason"": ""execution_failed"", ""strategy"": ""swing_breakout""}"
cid-bdc271624b4c488ebae0455fcb779fcf,USD_JPY,SELL,2,FILLED,2026-09-21 21:21:32.810281+00,2026-09-21 21:21:32.974417+00,157.298,2430,2,"{""mid"": 157.326, ""strategy"": ""swing_mean_reversion"", ""expected_mid"": 157.326, ""slippage_signed"": 0.027999999999991587}"
cid-f0f224d33ab845648631ba96eef43f4a,AUD_USD,SELL,3,FILLED,2026-09-21 21:21:33.108361+00,2026-09-21 21:21:33.229492+00,0.71176,2434,3,"{""mid"": 0.71198, ""strategy"": ""swing_breakout"", ""expected_mid"": 0.71198, ""slippage_signed"": 0.00021999999999999797}"
cid-5dbb8d78eaad4df291625bcbc075f77a,USD_JPY,SELL,2,FILLED,2026-09-21 21:23:35.051677+00,2026-09-21 21:23:35.169703+00,157.313,2442,2,"{""mid"": 157.326, ""strategy"": ""swing_mean_reversion"", ""expected_mid"": 157.326, ""slippage_signed"": 0.01300000000000523}"
cid-f2520ee376e44710a92862c50336fff2,GBP_USD,SELL,1,FILLED,2026-09-21 21:24:36.038578+00,2026-09-21 21:24:36.164265+00,1.33636,2448,1,"{""mid"": 1.33694, ""strategy"": ""swing_breakout"", ""expected_mid"": 1.33694, ""slippage_signed"": 0.0005800000000000249}"
cid-ac13097c3cce46f08ebb7f404bb9b8bb,USD_JPY,SELL,2,FILLED,2026-09-21 21:27:39.294173+00,2026-09-21 21:27:39.414946+00,157.336,2454,2,"{""mid"": 157.364, ""strategy"": ""swing_trend"", ""expected_mid"": 157.364, ""slippage_signed"": 0.027999999999991587}"
cid-9bbf859563604add8adc04bb4bf697b8,EUR_USD,SELL,2,FILLED,2026-09-21 21:32:44.242966+00,2026-09-21 21:32:44.358579+00,1.14642,2458,2,"{""mid"": 1.14652, ""strategy"": ""swing_mean_reversion"", ""expected_mid"": 1.14652, ""slippage_signed"": 0.00009999999999998899}"
