trade_count,wins,losses,win_rate,avg_winner_r,avg_loser_r,expectancy_r,median_r,profit_factor,total_r,avg_mfe_r,avg_mae_r,max_drawdown_r,ambiguous_count,group,sample_size
4173,1066,3107,0.2554517133956386,2.0000000014701436,-1.0000000003249596,-0.2336448596794815,-0.9999999999999306,0.6861924689006628,-974.9999994424763,0.9824884933779005,1.069072288216051,978.9999994742136,6,against_h1|against_h4|h1_h4_agree,4173
3036,781,2255,0.2572463768115942,2.0000000027362583,-0.9996268295151733,-0.22798369513165295,-0.9999999999999251,0.6929415130973471,-692.1584984196984,0.962752862185298,1.0926458539223565,696.1584978268869,1,against_h1|aligned_h4|h1_h4_conflict,3036
218,44,174,0.2018348623853211,2.0000000159715543,-1.0000000021334563,-0.3944954113232706,-0.999999999999969,0.5057471293965761,-85.999999668473,0.8551091779901386,1.1388298169872366,88.99999970920578,0,against_h1|h4_uncertain,218
4281,1135,3146,0.26512497080121467,1.9978849722087908,-1.0000000012073271,-0.20518583516497862,-0.9999999999999251,0.7207881248312916,-878.4005603412735,0.9915921604536339,1.0849898970676222,885.4005600813229,11,aligned_h1|against_h4|h1_h4_conflict,4281
6123,1705,4418,0.2784582720888453,1.9991927433356913,-0.9998422810008718,-0.16473617019018413,-0.9999999999999083,0.7716526294472887,-1008.6795700744975,1.0062931388167111,1.0954417468637692,1021.6795700511414,20,aligned_h1|aligned_h4|h1_h4_agree,6123
338,107,231,0.3165680473372781,2.000000001717268,-0.9999999933142507,-0.05029585287527873,-0.9999999856485133,0.9264069333960955,-16.999998271844213,1.0855543623717876,1.0347264694329221,42.99999976830938,0,aligned_h1|h4_uncertain,338
238,63,175,0.2647058823529412,2.0000000004626592,-0.9999999991482628,-0.20588235219243048,-0.9999999999999158,0.7200000007798081,-48.999999821798454,0.9414893802335804,1.0738037329407182,50.999999821798426,1,h1_uncertain|against_h4,238
259,81,178,0.3127413127413127,1.9841205568343356,-1.000000004097873,-0.06674222249359144,-0.9999999999998627,0.9028863171067225,-17.28623562584018,1.0528463909377248,1.0528501476972099,38.000000476080665,0,h1_uncertain|aligned_h4,259
23,6,17,0.2608695652173913,1.999999970859837,-0.9999999821887213,-0.21739129878474972,-0.9999999999998964,0.7058823552290804,-4.999999872049243,1.0207225429152478,1.0703079994139362,9.999999883079962,0,h1_uncertain|h4_uncertain,23
