time,open,high,low,close
2024-01-02T08:00:00Z,1.085,1.0852261792699387,1.0848499999999999,1.0850761792699386
2024-01-02T08:05:00Z,1.0850761792699386,1.0852261792699387,1.0846661832433784,1.0848161832433785
2024-01-02T08:10:00Z,1.0848161832433785,1.08515379604233,1.0846661832433784,1.08500379604233
2024-01-02T08:15:00Z,1.08500379604233,1.0853889372214278,1.08485379604233,1.0852389372214277
2024-01-02T08:20:00Z,1.0852389372214277,1.0853889372214278,1.0846011784242642,1.0847511784242643
2024-01-02T08:25:00Z,1.0847511784242643,1.0849011784242644,1.0842756335475485,1.0844256335475486
2024-01-02T08:30:00Z,1.0844256335475486,1.0846075936483406,1.0842756335475485,1.0844575936483405
2024-01-02T08:35:00Z,1.0844575936483405,1.0846075936483406,1.0842285330002546,1.0843785330002547
2024-01-02T08:40:00Z,1.0843785330002547,1.0845285330002548,1.0842243327108785,1.0843743327108786
2024-01-02T08:45:00Z,1.0843743327108786,1.0845243327108787,1.084011071728985,1.0841610717289851
2024-01-02T08:50:00Z,1.0841610717289851,1.084530921222701,1.084011071728985,1.084380921222701
2024-01-02T08:55:00Z,1.084380921222701,1.0847253692065582,1.0842309212227008,1.084575369206558
2024-01-02T09:00:00Z,1.084575369206558,1.0847418768809485,1.084425369206558,1.0845918768809484
2024-01-02T09:05:00Z,1.0845918768809484,1.0850236871826904,1.0844418768809483,1.0848736871826903
2024-01-02T09:10:00Z,1.0848736871826903,1.0851405645182535,1.0847236871826902,1.0849905645182534
2024-01-02T09:15:00Z,1.0849905645182534,1.0851405645182535,1.0846257414025324,1.0847757414025325
2024-01-02T09:20:00Z,1.0847757414025325,1.0850179290985533,1.0846257414025324,1.0848679290985532
2024-01-02T09:25:00Z,1.0848679290985532,1.0850179290985533,1.084478208448346,1.084628208448346
2024-01-02T09:30:00Z,1.084628208448346,1.084997821023673,1.084478208448346,1.084847821023673
2024-01-02T09:35:00Z,1.084847821023673,1.084997821023673,1.0846853395459264,1.0848353395459265
2024-01-02T09:40:00Z,1.0848353395459265,1.0849853395459266,1.0846391239550401,1.0847891239550402
2024-01-02T09:45:00Z,1.0847891239550402,1.0849391239550403,1.084468891568939,1.0846188915689392
2024-01-02T09:50:00Z,1.0846188915689392,1.0850745269036077,1.084468891568939,1.0849245269036076
2024-01-02T09:55:00Z,1.0849245269036076,1.0850745269036077,1.0847358945330903,1.0848858945330904
2024-01-02T10:00:00Z,1.0848858945330904,1.0850358945330905,1.0846288125775494,1.0847788125775495
2024-01-02T10:05:00Z,1.0847788125775495,1.0849288125775496,1.0845407791899273,1.0846907791899274
2024-01-02T10:10:00Z,1.0846907791899274,1.0849738564863158,1.0845407791899273,1.0848238564863157
2024-01-02T10:15:00Z,1.0848238564863157,1.085065217502407,1.0846738564863156,1.0849152175024068
2024-01-02T10:20:00Z,1.0849152175024068,1.085168400655306,1.0847652175024067,1.0850184006553059
2024-01-02T10:25:00Z,1.0850184006553059,1.0852761059060578,1.0848684006553058,1.0851261059060577
2024-01-02T10:30:00Z,1.0851261059060577,1.0858115178062755,1.0849761059060576,1.0856615178062754
2024-01-02T10:35:00Z,1.0856615178062754,1.0858115178062755,1.0854099140521791,1.0855599140521792
2024-01-02T10:40:00Z,1.0855599140521792,1.0857099140521793,1.0852818533699113,1.0854318533699114
2024-01-02T10:45:00Z,1.0854318533699114,1.0855818533699115,1.0850784101878495,1.0852284101878495
2024-01-02T10:50:00Z,1.0852284101878495,1.0855324050434936,1.0850784101878495,1.0853824050434935
2024-01-02T10:55:00Z,1.0853824050434935,1.0858146481166737,1.0852324050434934,1.0856646481166736
2024-01-02T11:00:00Z,1.0856646481166736,1.0858146481166737,1.0854861612522597,1.0856361612522598
2024-01-02T11:05:00Z,1.0856361612522598,1.08578616125226,1.0852761221330192,1.0854261221330193
2024-01-02T11:10:00Z,1.0854261221330193,1.0855761221330194,1.0850700018290964,1.0852200018290965
2024-01-02T11:15:00Z,1.0852200018290965,1.0855326500260527,1.0850700018290964,1.0853826500260526
2024-01-02T11:20:00Z,1.0853826500260526,1.0857184635688535,1.0852326500260525,1.0855684635688534
2024-01-02T11:25:00Z,1.0855684635688534,1.0858542521359298,1.0854184635688533,1.0857042521359297
2024-01-02T11:30:00Z,1.0857042521359297,1.0858542521359298,1.0853878747091075,1.0855378747091076
2024-01-02T11:35:00Z,1.0855378747091076,1.0857459150398743,1.0853878747091075,1.0855959150398742
2024-01-02T11:40:00Z,1.0855959150398742,1.0857750864921594,1.085445915039874,1.0856250864921593
2024-01-02T11:45:00Z,1.0856250864921593,1.0858297586413417,1.0854750864921592,1.0856797586413416
2024-01-02T11:50:00Z,1.0856797586413416,1.0860476158358288,1.0855297586413415,1.0858976158358287
2024-01-02T11:55:00Z,1.0858976158358287,1.0861035147230225,1.0857476158358286,1.0859535147230224
2024-01-02T12:00:00Z,1.0859535147230224,1.0862732431137905,1.0858035147230223,1.0861232431137904
2024-01-02T12:05:00Z,1.0861232431137904,1.0862901378811627,1.0859732431137903,1.0861401378811626
2024-01-02T12:10:00Z,1.0861401378811626,1.086362417730835,1.0859901378811625,1.086212417730835
2024-01-02T12:15:00Z,1.086212417730835,1.0865202397872946,1.086062417730835,1.0863702397872945
2024-01-02T12:20:00Z,1.0863702397872945,1.0865202397872946,1.0858559508323304,1.0860059508323305
2024-01-02T12:25:00Z,1.0860059508323305,1.0861559508323306,1.085776033028241,1.0859260330282412
2024-01-02T12:30:00Z,1.0859260330282412,1.0860760330282413,1.0856584398646678,1.085808439864668
2024-01-02T12:35:00Z,1.085808439864668,1.085958439864668,1.085498720402607,1.085648720402607
2024-01-02T12:40:00Z,1.085648720402607,1.0857987204026072,1.0854299348398002,1.0855799348398003
2024-01-02T12:45:00Z,1.0855799348398003,1.086103670167609,1.0854299348398002,1.085953670167609
2024-01-02T12:50:00Z,1.085953670167609,1.086103670167609,1.0855872123886856,1.0857372123886857
2024-01-02T12:55:00Z,1.0857372123886857,1.0861292819773336,1.0855872123886856,1.0859792819773335
2024-01-02T13:00:00Z,1.0859792819773335,1.0861292819773336,1.0854085645344294,1.0855585645344294
2024-01-02T13:05:00Z,1.0855585645344294,1.0857085645344295,1.085324843276933,1.085474843276933
2024-01-02T13:10:00Z,1.085474843276933,1.0856655315432093,1.085324843276933,1.0855155315432092
2024-01-02T13:15:00Z,1.0855155315432092,1.085812087126049,1.0853655315432091,1.085662087126049
2024-01-02T13:20:00Z,1.085662087126049,1.0859898937709973,1.0855120871260489,1.0858398937709972
2024-01-02T13:25:00Z,1.0858398937709972,1.0861882305797972,1.0856898937709971,1.086038230579797
2024-01-02T13:30:00Z,1.086038230579797,1.0861882305797972,1.085801049311735,1.085951049311735
2024-01-02T13:35:00Z,1.085951049311735,1.0861010493117351,1.0856854613635687,1.0858354613635688
2024-01-02T13:40:00Z,1.0858354613635688,1.0861999553338832,1.0856854613635687,1.0860499553338832
2024-01-02T13:45:00Z,1.0860499553338832,1.0861999553338832,1.0858521292526626,1.0860021292526627
2024-01-02T13:50:00Z,1.0860021292526627,1.0861521292526628,1.085533207671828,1.0856832076718281
2024-01-02T13:55:00Z,1.0856832076718281,1.0858332076718282,1.0852498858683273,1.0853998858683274
2024-01-02T14:00:00Z,1.0853998858683274,1.0855498858683275,1.085020022796827,1.085170022796827
2024-01-02T14:05:00Z,1.085170022796827,1.0854443129828406,1.085020022796827,1.0852943129828405
2024-01-02T14:10:00Z,1.0852943129828405,1.0854799194168583,1.0851443129828404,1.0853299194168582
2024-01-02T14:15:00Z,1.0853299194168582,1.0856525407553752,1.085179919416858,1.0855025407553751
2024-01-02T14:20:00Z,1.0855025407553751,1.0856525407553752,1.0852457275937908,1.0853957275937909
2024-01-02T14:25:00Z,1.0853957275937909,1.0855853625165601,1.0852457275937908,1.08543536251656
2024-01-02T14:30:00Z,1.08543536251656,1.0857417601150519,1.08528536251656,1.0855917601150518
2024-01-02T14:35:00Z,1.0855917601150518,1.0857417601150519,1.0853644234801216,1.0855144234801217
2024-01-02T14:40:00Z,1.0855144234801217,1.0857786172895112,1.0853644234801216,1.085628617289511
2024-01-02T14:45:00Z,1.085628617289511,1.0857786172895112,1.0853131358042443,1.0854631358042444
2024-01-02T14:50:00Z,1.0854631358042444,1.0856131358042445,1.085222372342603,1.0853723723426032
2024-01-02T14:55:00Z,1.0853723723426032,1.0855223723426033,1.0851269378691035,1.0852769378691036
2024-01-02T15:00:00Z,1.0852769378691036,1.0854269378691037,1.0848279779577064,1.0849779779577065
2024-01-02T15:05:00Z,1.0849779779577065,1.0852497210779029,1.0848279779577064,1.0850997210779028
2024-01-02T15:10:00Z,1.0850997210779028,1.0852497210779029,1.084832370492852,1.084982370492852
2024-01-02T15:15:00Z,1.084982370492852,1.0851354940225342,1.084832370492852,1.084985494022534
2024-01-02T15:20:00Z,1.084985494022534,1.0852556806872606,1.084835494022534,1.0851056806872605
2024-01-02T15:25:00Z,1.0851056806872605,1.085367313481268,1.0849556806872604,1.085217313481268
2024-01-02T15:30:00Z,1.085217313481268,1.0855336597585112,1.0850673134812678,1.0853836597585111
2024-01-02T15:35:00Z,1.0853836597585111,1.0855336597585112,1.0852090383873836,1.0853590383873837
2024-01-02T15:40:00Z,1.0853590383873837,1.0855090383873838,1.0851032138093726,1.0852532138093727
2024-01-02T15:45:00Z,1.0852532138093727,1.0854032138093728,1.085083284256646,1.0852332842566461
2024-01-02T15:50:00Z,1.0852332842566461,1.0853832842566462,1.0846614506481564,1.0848114506481565
2024-01-02T15:55:00Z,1.0848114506481565,1.0849614506481566,1.0842996725300507,1.0844496725300508
2024-01-02T16:00:00Z,1.0844496725300508,1.0845996725300509,1.083968997626962,1.084118997626962
2024-01-02T16:05:00Z,1.084118997626962,1.0842689976269622,1.0837196859200615,1.0838696859200616
2024-01-02T16:10:00Z,1.0838696859200616,1.0841196294767426,1.0837196859200615,1.0839696294767425
2024-01-02T16:15:00Z,1.0839696294767425,1.0841196294767426,1.0835932597129023,1.0837432597129024
2024-01-02T16:20:00Z,1.0837432597129024,1.0838932597129025,1.0834987190743925,1.0836487190743926
2024-01-02T16:25:00Z,1.0836487190743926,1.0841235261488393,1.0834987190743925,1.0839735261488392
2024-01-02T16:30:00Z,1.0839735261488392,1.0841235261488393,1.0837344601560739,1.083884460156074
2024-01-02T16:35:00Z,1.083884460156074,1.0842188390481908,1.0837344601560739,1.0840688390481907
2024-01-02T16:40:00Z,1.0840688390481907,1.0842188390481908,1.0836854346281881,1.0838354346281882
2024-01-02T16:45:00Z,1.0838354346281882,1.0839854346281883,1.0836340752387212,1.0837840752387213
2024-01-02T16:50:00Z,1.0837840752387213,1.0839340752387214,1.0833965697249937,1.0835465697249937
2024-01-02T16:55:00Z,1.0835465697249937,1.0836965697249938,1.0833118114560185,1.0834618114560186
2024-01-02T17:00:00Z,1.0834618114560186,1.083821888490383,1.0833118114560185,1.0836718884903829
2024-01-02T17:05:00Z,1.0836718884903829,1.083821888490383,1.0830900583845846,1.0832400583845847
2024-01-02T17:10:00Z,1.0832400583845847,1.0834986642954714,1.0830900583845846,1.0833486642954713
2024-01-02T17:15:00Z,1.0833486642954713,1.0835580981960544,1.0831986642954712,1.0834080981960543
2024-01-02T17:20:00Z,1.0834080981960543,1.0835580981960544,1.08310956070713,1.08325956070713
2024-01-02T17:25:00Z,1.08325956070713,1.0834095607071301,1.0827480462435328,1.082898046243533
2024-01-02T17:30:00Z,1.082898046243533,1.0830660786204616,1.0827480462435328,1.0829160786204615
2024-01-02T17:35:00Z,1.0829160786204615,1.0830660786204616,1.0826337054431954,1.0827837054431955
2024-01-02T17:40:00Z,1.0827837054431955,1.0829918744960343,1.0826337054431954,1.0828418744960342
2024-01-02T17:45:00Z,1.0828418744960342,1.0829973375324151,1.082691874496034,1.082847337532415
2024-01-02T17:50:00Z,1.082847337532415,1.0833977822552454,1.082697337532415,1.0832477822552453
2024-01-02T17:55:00Z,1.0832477822552453,1.0833977822552454,1.083037943348377,1.083187943348377
2024-01-02T18:00:00Z,1.083187943348377,1.0833379433483772,1.0827820689752214,1.0829320689752215
2024-01-02T18:05:00Z,1.0829320689752215,1.0831268878839606,1.0827820689752214,1.0829768878839605
2024-01-02T18:10:00Z,1.0829768878839605,1.0831818870549534,1.0828268878839604,1.0830318870549533
2024-01-02T18:15:00Z,1.0830318870549533,1.0835216839487636,1.0828818870549533,1.0833716839487635
2024-01-02T18:20:00Z,1.0833716839487635,1.0837304617602421,1.0832216839487634,1.083580461760242
2024-01-02T18:25:00Z,1.083580461760242,1.0838196795250294,1.083430461760242,1.0836696795250294
2024-01-02T18:30:00Z,1.0836696795250294,1.0841855052478344,1.0835196795250293,1.0840355052478343
2024-01-02T18:35:00Z,1.0840355052478343,1.0841855052478344,1.0835883144842535,1.0837383144842536
2024-01-02T18:40:00Z,1.0837383144842536,1.0838883144842537,1.0834283766010662,1.0835783766010663
2024-01-02T18:45:00Z,1.0835783766010663,1.0837283766010664,1.0831967326157148,1.083346732615715
2024-01-02T18:50:00Z,1.083346732615715,1.083496732615715,1.083099280164926,1.083249280164926
2024-01-02T18:55:00Z,1.083249280164926,1.0833992801649261,1.082755108628037,1.082905108628037
2024-01-02T19:00:00Z,1.082905108628037,1.0832138963647406,1.082755108628037,1.0830638963647405
2024-01-02T19:05:00Z,1.0830638963647405,1.0832138963647406,1.0828583406904657,1.0830083406904658
2024-01-02T19:10:00Z,1.0830083406904658,1.083158340690466,1.08249063911684,1.0826406391168402
2024-01-02T19:15:00Z,1.0826406391168402,1.0827906391168403,1.0822367443465382,1.0823867443465383
2024-01-02T19:20:00Z,1.0823867443465383,1.0826151228084009,1.0822367443465382,1.0824651228084008
2024-01-02T19:25:00Z,1.0824651228084008,1.0828246544503746,1.0823151228084007,1.0826746544503745
2024-01-02T19:30:00Z,1.0826746544503745,1.0833238371732976,1.0825246544503744,1.0831738371732975
2024-01-02T19:35:00Z,1.0831738371732975,1.0840523027897995,1.0830238371732974,1.0839023027897994
2024-01-02T19:40:00Z,1.0839023027897994,1.0841559051481184,1.0837523027897993,1.0840059051481183
2024-01-02T19:45:00Z,1.0840059051481183,1.0841559051481184,1.0836085206181103,1.0837585206181104
2024-01-02T19:50:00Z,1.0837585206181104,1.0839085206181105,1.0830755090479274,1.0832255090479275
2024-01-02T19:55:00Z,1.0832255090479275,1.0834424369135136,1.0830755090479274,1.0832924369135135
2024-01-02T20:00:00Z,1.0832924369135135,1.0834424369135136,1.082939201639686,1.083089201639686
2024-01-02T20:05:00Z,1.083089201639686,1.0832392016396861,1.082835362324641,1.082985362324641
2024-01-02T20:10:00Z,1.082985362324641,1.0831353623246411,1.082682338124876,1.0828323381248761
2024-01-02T20:15:00Z,1.0828323381248761,1.0829823381248762,1.082647140403272,1.0827971404032721
2024-01-02T20:20:00Z,1.0827971404032721,1.0832136354609692,1.082647140403272,1.083063635460969
2024-01-02T20:25:00Z,1.083063635460969,1.0832528976028304,1.082913635460969,1.0831028976028303
2024-01-02T20:30:00Z,1.0831028976028303,1.0832528976028304,1.0829132388935705,1.0830632388935706
2024-01-02T20:35:00Z,1.0830632388935706,1.0832132388935707,1.082654325455364,1.082804325455364
2024-01-02T20:40:00Z,1.082804325455364,1.0829543254553642,1.0822356547191878,1.082385654719188
2024-01-02T20:45:00Z,1.082385654719188,1.082535654719188,1.0821140777419196,1.0822640777419197
2024-01-02T20:50:00Z,1.0822640777419197,1.0824140777419198,1.082100632104215,1.0822506321042151
2024-01-02T20:55:00Z,1.0822506321042151,1.0828426145826102,1.082100632104215,1.0826926145826101
2024-01-02T21:00:00Z,1.0826926145826101,1.0828751832129784,1.08254261458261,1.0827251832129783
2024-01-02T21:05:00Z,1.0827251832129783,1.083120868090734,1.0825751832129782,1.082970868090734
2024-01-02T21:10:00Z,1.082970868090734,1.083120868090734,1.082696044191099,1.0828460441910992
2024-01-02T21:15:00Z,1.0828460441910992,1.0829960441910993,1.0823998082494948,1.0825498082494949
2024-01-02T21:20:00Z,1.0825498082494949,1.082699808249495,1.0821585290589366,1.0823085290589367
2024-01-02T21:25:00Z,1.0823085290589367,1.0824585290589368,1.0819772225428026,1.0821272225428027
2024-01-02T21:30:00Z,1.0821272225428027,1.0828093399759116,1.0819772225428026,1.0826593399759115
2024-01-02T21:35:00Z,1.0826593399759115,1.0828093399759116,1.0823039933061052,1.0824539933061053
2024-01-02T21:40:00Z,1.0824539933061053,1.0828136156070394,1.0823039933061052,1.0826636156070393
2024-01-02T21:45:00Z,1.0826636156070393,1.0828136156070394,1.0822878838125174,1.0824378838125175
2024-01-02T21:50:00Z,1.0824378838125175,1.082820777065736,1.0822878838125174,1.082670777065736
2024-01-02T21:55:00Z,1.082670777065736,1.0829170148072627,1.082520777065736,1.0827670148072626
2024-01-02T22:00:00Z,1.0827670148072626,1.0829170148072627,1.082577855332848,1.082727855332848
2024-01-02T22:05:00Z,1.082727855332848,1.0828778553328482,1.082567664701314,1.0827176647013141
2024-01-02T22:10:00Z,1.0827176647013141,1.0828676647013142,1.0824039677774566,1.0825539677774567
2024-01-02T22:15:00Z,1.0825539677774567,1.0828154858278274,1.0824039677774566,1.0826654858278273
2024-01-02T22:20:00Z,1.0826654858278273,1.0828154858278274,1.082401739957742,1.082551739957742
2024-01-02T22:25:00Z,1.082551739957742,1.082701739957742,1.0820953385168002,1.0822453385168003
2024-01-02T22:30:00Z,1.0822453385168003,1.0823953385168004,1.0817758541232203,1.0819258541232204
2024-01-02T22:35:00Z,1.0819258541232204,1.082119001102651,1.0817758541232203,1.0819690011026508
2024-01-02T22:40:00Z,1.0819690011026508,1.0825137739167536,1.0818190011026507,1.0823637739167535
2024-01-02T22:45:00Z,1.0823637739167535,1.082553771820147,1.0822137739167534,1.082403771820147
2024-01-02T22:50:00Z,1.082403771820147,1.082553771820147,1.0822241122386194,1.0823741122386195
2024-01-02T22:55:00Z,1.0823741122386195,1.0825955687735203,1.0822241122386194,1.0824455687735202
2024-01-02T23:00:00Z,1.0824455687735202,1.082922069208947,1.08229556877352,1.0827720692089469
2024-01-02T23:05:00Z,1.0827720692089469,1.0829769148342878,1.0826220692089468,1.0828269148342877
2024-01-02T23:10:00Z,1.0828269148342877,1.0829769148342878,1.0825741830265792,1.0827241830265792
2024-01-02T23:15:00Z,1.0827241830265792,1.0831507552040942,1.0825741830265792,1.0830007552040941
2024-01-02T23:20:00Z,1.0830007552040941,1.0832579443137096,1.082850755204094,1.0831079443137095
2024-01-02T23:25:00Z,1.0831079443137095,1.0836418833117085,1.0829579443137094,1.0834918833117084
2024-01-02T23:30:00Z,1.0834918833117084,1.083687691921014,1.0833418833117083,1.083537691921014
2024-01-02T23:35:00Z,1.083537691921014,1.083687691921014,1.0830815746630837,1.0832315746630838
2024-01-02T23:40:00Z,1.0832315746630838,1.083381574663084,1.0827395348632722,1.0828895348632723
2024-01-02T23:45:00Z,1.0828895348632723,1.0834522668463302,1.0827395348632722,1.0833022668463301
2024-01-02T23:50:00Z,1.0833022668463301,1.083883183276526,1.08315226684633,1.083733183276526
2024-01-02T23:55:00Z,1.083733183276526,1.083883183276526,1.0835383034732053,1.0836883034732054
2024-01-03T00:00:00Z,1.0836883034732054,1.0838383034732055,1.0834425066429214,1.0835925066429215
2024-01-03T00:05:00Z,1.0835925066429215,1.084107867715982,1.0834425066429214,1.083957867715982
2024-01-03T00:10:00Z,1.083957867715982,1.084107867715982,1.0835311062954711,1.0836811062954712
2024-01-03T00:15:00Z,1.0836811062954712,1.0838311062954713,1.0833074245407321,1.0834574245407322
2024-01-03T00:20:00Z,1.0834574245407322,1.0837682562394046,1.0833074245407321,1.0836182562394046
2024-01-03T00:25:00Z,1.0836182562394046,1.0837682562394046,1.0833696049586896,1.0835196049586897
2024-01-03T00:30:00Z,1.0835196049586897,1.0836696049586898,1.0833683244920096,1.0835183244920097
2024-01-03T00:35:00Z,1.0835183244920097,1.0836683244920098,1.0833274637673784,1.0834774637673785
2024-01-03T00:40:00Z,1.0834774637673785,1.0837118574045783,1.0833274637673784,1.0835618574045782
2024-01-03T00:45:00Z,1.0835618574045782,1.0840637278699068,1.0834118574045781,1.0839137278699067
2024-01-03T00:50:00Z,1.0839137278699067,1.0840863740966322,1.0837637278699066,1.0839363740966321
2024-01-03T00:55:00Z,1.0839363740966321,1.0842473587949515,1.083786374096632,1.0840973587949514
2024-01-03T01:00:00Z,1.0840973587949514,1.0842473587949515,1.0834348157696936,1.0835848157696937
2024-01-03T01:05:00Z,1.0835848157696937,1.0837348157696938,1.083422636169211,1.083572636169211
2024-01-03T01:10:00Z,1.083572636169211,1.0837226361692112,1.0832118286016377,1.0833618286016378
2024-01-03T01:15:00Z,1.0833618286016378,1.0835118286016379,1.0829071253365317,1.0830571253365318
2024-01-03T01:20:00Z,1.0830571253365318,1.0832071253365319,1.0826875872447994,1.0828375872447995
2024-01-03T01:25:00Z,1.0828375872447995,1.0829875872447996,1.0826040563846242,1.0827540563846243
2024-01-03T01:30:00Z,1.0827540563846243,1.0831330320202135,1.0826040563846242,1.0829830320202134
2024-01-03T01:35:00Z,1.0829830320202134,1.0831330320202135,1.0825014338407783,1.0826514338407784
2024-01-03T01:40:00Z,1.0826514338407784,1.0828090917139273,1.0825014338407783,1.0826590917139272
2024-01-03T01:45:00Z,1.0826590917139272,1.0828090917139273,1.0823880493555937,1.0825380493555938
2024-01-03T01:50:00Z,1.0825380493555938,1.082688049355594,1.0823061310820032,1.0824561310820033
2024-01-03T01:55:00Z,1.0824561310820033,1.0828568205383295,1.0823061310820032,1.0827068205383295
2024-01-03T02:00:00Z,1.0827068205383295,1.0829913493975805,1.0825568205383294,1.0828413493975804
2024-01-03T02:05:00Z,1.0828413493975804,1.083325698924441,1.0826913493975803,1.083175698924441
2024-01-03T02:10:00Z,1.083175698924441,1.083325698924441,1.0829870725046284,1.0831370725046285
2024-01-03T02:15:00Z,1.0831370725046285,1.0832870725046286,1.0828130868517107,1.0829630868517108
2024-01-03T02:20:00Z,1.0829630868517108,1.083113086851711,1.0827571221474905,1.0829071221474906
2024-01-03T02:25:00Z,1.0829071221474906,1.0831177463453086,1.0827571221474905,1.0829677463453085
2024-01-03T02:30:00Z,1.0829677463453085,1.083161889684922,1.0828177463453084,1.083011889684922
2024-01-03T02:35:00Z,1.083011889684922,1.083161889684922,1.0825907926668634,1.0827407926668635
2024-01-03T02:40:00Z,1.0827407926668635,1.0829134151122706,1.0825907926668634,1.0827634151122705
2024-01-03T02:45:00Z,1.0827634151122705,1.0829704721948052,1.0826134151122704,1.0828204721948052
2024-01-03T02:50:00Z,1.0828204721948052,1.0835998407041887,1.082670472194805,1.0834498407041886
2024-01-03T02:55:00Z,1.0834498407041886,1.084069051857009,1.0832998407041885,1.083919051857009
2024-01-03T03:00:00Z,1.083919051857009,1.084069051857009,1.0835557410193692,1.0837057410193693
2024-01-03T03:05:00Z,1.0837057410193693,1.0838557410193694,1.083483895178982,1.0836338951789821
2024-01-03T03:10:00Z,1.0836338951789821,1.0837838951789822,1.0831180346785227,1.0832680346785228
2024-01-03T03:15:00Z,1.0832680346785228,1.083418034678523,1.0829703579250318,1.083120357925032
2024-01-03T03:20:00Z,1.083120357925032,1.0833492591759295,1.0829703579250318,1.0831992591759294
2024-01-03T03:25:00Z,1.0831992591759294,1.0836507225811516,1.0830492591759293,1.0835007225811515
2024-01-03T03:30:00Z,1.0835007225811515,1.0836507225811516,1.0831684516217155,1.0833184516217156
2024-01-03T03:35:00Z,1.0833184516217156,1.0834684516217157,1.0830049150116985,1.0831549150116986
2024-01-03T03:40:00Z,1.0831549150116986,1.0833049150116987,1.0824680927542638,1.082618092754264
2024-01-03T03:45:00Z,1.082618092754264,1.082768092754264,1.0824274262741276,1.0825774262741277
2024-01-03T03:50:00Z,1.0825774262741277,1.0827274262741278,1.0821618226711627,1.0823118226711628
2024-01-03T03:55:00Z,1.0823118226711628,1.0824618226711629,1.0820294628143212,1.0821794628143213
2024-01-03T04:00:00Z,1.0821794628143213,1.0823294628143214,1.0818102476197793,1.0819602476197794
2024-01-03T04:05:00Z,1.0819602476197794,1.0821102476197795,1.081786681981216,1.0819366819812162
2024-01-03T04:10:00Z,1.0819366819812162,1.0820866819812163,1.081347249883377,1.081497249883377
2024-01-03T04:15:00Z,1.081497249883377,1.0816472498833771,1.080980488572029,1.0811304885720292
2024-01-03T04:20:00Z,1.0811304885720292,1.0818128003500365,1.080980488572029,1.0816628003500364
2024-01-03T04:25:00Z,1.0816628003500364,1.0818128003500365,1.0811909447047177,1.0813409447047178
2024-01-03T04:30:00Z,1.0813409447047178,1.0814909447047178,1.080916748310104,1.0810667483101042
2024-01-03T04:35:00Z,1.0810667483101042,1.0816759766921846,1.080916748310104,1.0815259766921845
2024-01-03T04:40:00Z,1.0815259766921845,1.0824022434844947,1.0813759766921844,1.0822522434844946
2024-01-03T04:45:00Z,1.0822522434844946,1.0824022434844947,1.0818093518272882,1.0819593518272883
2024-01-03T04:50:00Z,1.0819593518272883,1.0821093518272884,1.081717289588091,1.0818672895880912
2024-01-03T04:55:00Z,1.0818672895880912,1.0821026784758265,1.081717289588091,1.0819526784758264
2024-01-03T05:00:00Z,1.0819526784758264,1.0825348528869279,1.0818026784758263,1.0823848528869278
2024-01-03T05:05:00Z,1.0823848528869278,1.0825348528869279,1.0819881386173207,1.0821381386173208
2024-01-03T05:10:00Z,1.0821381386173208,1.0822881386173209,1.081926819155835,1.0820768191558352
2024-01-03T05:15:00Z,1.0820768191558352,1.0824211535498507,1.081926819155835,1.0822711535498506
2024-01-03T05:20:00Z,1.0822711535498506,1.0825298450684673,1.0821211535498505,1.0823798450684672
2024-01-03T05:25:00Z,1.0823798450684672,1.0825298450684673,1.0821358060506596,1.0822858060506597
2024-01-03T05:30:00Z,1.0822858060506597,1.0824358060506598,1.0821023503095306,1.0822523503095307
2024-01-03T05:35:00Z,1.0822523503095307,1.0824023503095308,1.0817586263574381,1.0819086263574382
2024-01-03T05:40:00Z,1.0819086263574382,1.0820586263574383,1.0816990829214446,1.0818490829214447
2024-01-03T05:45:00Z,1.0818490829214447,1.0819990829214448,1.0816324860489424,1.0817824860489424
2024-01-03T05:50:00Z,1.0817824860489424,1.0819905285213491,1.0816324860489424,1.081840528521349
2024-01-03T05:55:00Z,1.081840528521349,1.0819905285213491,1.081551696716644,1.0817016967166442
2024-01-03T06:00:00Z,1.0817016967166442,1.0819695813472805,1.081551696716644,1.0818195813472804
2024-01-03T06:05:00Z,1.0818195813472804,1.0822227603017354,1.0816695813472803,1.0820727603017353
2024-01-03T06:10:00Z,1.0820727603017353,1.0822616176336526,1.0819227603017352,1.0821116176336525
2024-01-03T06:15:00Z,1.0821116176336525,1.0823495567357524,1.0819616176336524,1.0821995567357523
2024-01-03T06:20:00Z,1.0821995567357523,1.0823628455726468,1.0820495567357522,1.0822128455726467
2024-01-03T06:25:00Z,1.0822128455726467,1.0823628666709197,1.0820628455726466,1.0822128666709196
2024-01-03T06:30:00Z,1.0822128666709196,1.0823628666709197,1.081882477162534,1.082032477162534
2024-01-03T06:35:00Z,1.082032477162534,1.0822616007279524,1.081882477162534,1.0821116007279523
2024-01-03T06:40:00Z,1.0821116007279523,1.0822616007279524,1.0819372790783488,1.082087279078349
2024-01-03T06:45:00Z,1.082087279078349,1.0827605711555817,1.0819372790783488,1.0826105711555816
2024-01-03T06:50:00Z,1.0826105711555816,1.0831539098812004,1.0824605711555815,1.0830039098812003
2024-01-03T06:55:00Z,1.0830039098812003,1.0832503715193396,1.0828539098812002,1.0831003715193395
2024-01-03T07:00:00Z,1.0831003715193395,1.0832503715193396,1.0827596072169157,1.0829096072169158
2024-01-03T07:05:00Z,1.0829096072169158,1.0830596072169159,1.0824815043489198,1.0826315043489199
2024-01-03T07:10:00Z,1.0826315043489199,1.0830792900871922,1.0824815043489198,1.082929290087192
2024-01-03T07:15:00Z,1.082929290087192,1.083144977393479,1.082779290087192,1.0829949773934788
2024-01-03T07:20:00Z,1.0829949773934788,1.083265013244327,1.0828449773934787,1.0831150132443268
2024-01-03T07:25:00Z,1.0831150132443268,1.083265013244327,1.0825288667475832,1.0826788667475833
2024-01-03T07:30:00Z,1.0826788667475833,1.083060726367973,1.0825288667475832,1.082910726367973
2024-01-03T07:35:00Z,1.082910726367973,1.0831743314525266,1.0827607263679728,1.0830243314525265
2024-01-03T07:40:00Z,1.0830243314525265,1.0831743314525266,1.082596723781423,1.082746723781423
2024-01-03T07:45:00Z,1.082746723781423,1.082896723781423,1.0824788425795604,1.0826288425795605
2024-01-03T07:50:00Z,1.0826288425795605,1.0828447718806498,1.0824788425795604,1.0826947718806497
2024-01-03T07:55:00Z,1.0826947718806497,1.082857888580239,1.0825447718806496,1.0827078885802388
2024-01-03T08:00:00Z,1.0827078885802388,1.082857888580239,1.082484845783788,1.082634845783788
2024-01-03T08:05:00Z,1.082634845783788,1.082784845783788,1.0824589737167714,1.0826089737167714
2024-01-03T08:10:00Z,1.0826089737167714,1.0827589737167715,1.0823959793722195,1.0825459793722196
2024-01-03T08:15:00Z,1.0825459793722196,1.0827341200002454,1.0823959793722195,1.0825841200002453
2024-01-03T08:20:00Z,1.0825841200002453,1.0831019929934937,1.0824341200002452,1.0829519929934937
2024-01-03T08:25:00Z,1.0829519929934937,1.0831019929934937,1.0821603283832608,1.082310328383261
2024-01-03T08:30:00Z,1.082310328383261,1.082460328383261,1.0821011158171334,1.0822511158171335
2024-01-03T08:35:00Z,1.0822511158171335,1.0824452439224768,1.0821011158171334,1.0822952439224767
2024-01-03T08:40:00Z,1.0822952439224767,1.0825192424198986,1.0821452439224766,1.0823692424198985
2024-01-03T08:45:00Z,1.0823692424198985,1.0825192424198986,1.082126263774568,1.0822762637745682
2024-01-03T08:50:00Z,1.0822762637745682,1.0824262637745683,1.0816870833289485,1.0818370833289486
2024-01-03T08:55:00Z,1.0818370833289486,1.0820690821998773,1.0816870833289485,1.0819190821998772
2024-01-03T09:00:00Z,1.0819190821998772,1.0825009197534183,1.081769082199877,1.0823509197534182
2024-01-03T09:05:00Z,1.0823509197534182,1.0825009197534183,1.081817454402189,1.081967454402189
2024-01-03T09:10:00Z,1.081967454402189,1.0823334114056138,1.081817454402189,1.0821834114056137
2024-01-03T09:15:00Z,1.0821834114056137,1.0823334114056138,1.0819512800998328,1.0821012800998329
2024-01-03T09:20:00Z,1.0821012800998329,1.082251280099833,1.0819359490133755,1.0820859490133756
2024-01-03T09:25:00Z,1.0820859490133756,1.0822359490133757,1.0816727243856996,1.0818227243856997
2024-01-03T09:30:00Z,1.0818227243856997,1.0819727243856998,1.0815891103426107,1.0817391103426108
2024-01-03T09:35:00Z,1.0817391103426108,1.0822141214912857,1.0815891103426107,1.0820641214912856
2024-01-03T09:40:00Z,1.0820641214912856,1.0823597853017826,1.0819141214912855,1.0822097853017825
2024-01-03T09:45:00Z,1.0822097853017825,1.082792863203135,1.0820597853017824,1.0826428632031349
2024-01-03T09:50:00Z,1.0826428632031349,1.0830872161753793,1.0824928632031348,1.0829372161753792
2024-01-03T09:55:00Z,1.0829372161753792,1.0831969878451118,1.082787216175379,1.0830469878451117
2024-01-03T10:00:00Z,1.0830469878451117,1.0836329714766537,1.0828969878451116,1.0834829714766536
2024-01-03T10:05:00Z,1.0834829714766536,1.0837427197663383,1.0833329714766535,1.0835927197663382
2024-01-03T10:10:00Z,1.0835927197663382,1.0839497168105376,1.083442719766338,1.0837997168105376
2024-01-03T10:15:00Z,1.0837997168105376,1.0839497168105376,1.0835755740721538,1.0837255740721539
2024-01-03T10:20:00Z,1.0837255740721539,1.0838922105261188,1.0835755740721538,1.0837422105261187
2024-01-03T10:25:00Z,1.0837422105261187,1.0838922105261188,1.0834178545702935,1.0835678545702936
2024-01-03T10:30:00Z,1.0835678545702936,1.0839652505539423,1.0834178545702935,1.0838152505539422
2024-01-03T10:35:00Z,1.0838152505539422,1.0839652505539423,1.0833706746481635,1.0835206746481636
2024-01-03T10:40:00Z,1.0835206746481636,1.083866262233768,1.0833706746481635,1.083716262233768
2024-01-03T10:45:00Z,1.083716262233768,1.083866262233768,1.0835185994693914,1.0836685994693915
2024-01-03T10:50:00Z,1.0836685994693915,1.0841114112427586,1.0835185994693914,1.0839614112427585
2024-01-03T10:55:00Z,1.0839614112427585,1.0842991284899415,1.0838114112427584,1.0841491284899414
2024-01-03T11:00:00Z,1.0841491284899414,1.0847542900293532,1.0839991284899413,1.084604290029353
2024-01-03T11:05:00Z,1.084604290029353,1.0849369837021379,1.084454290029353,1.0847869837021378
2024-01-03T11:10:00Z,1.0847869837021378,1.0849369837021379,1.0842439736382243,1.0843939736382244
2024-01-03T11:15:00Z,1.0843939736382244,1.0845439736382245,1.0842272353449998,1.0843772353449999
2024-01-03T11:20:00Z,1.0843772353449999,1.084527235345,1.0839342335468511,1.0840842335468512
2024-01-03T11:25:00Z,1.0840842335468512,1.0842342335468513,1.0838046635862595,1.0839546635862596
2024-01-03T11:30:00Z,1.0839546635862596,1.0844824706945788,1.0838046635862595,1.0843324706945787
2024-01-03T11:35:00Z,1.0843324706945787,1.0846418541473033,1.0841824706945786,1.0844918541473032
2024-01-03T11:40:00Z,1.0844918541473032,1.0846418541473033,1.0841671215401585,1.0843171215401586
2024-01-03T11:45:00Z,1.0843171215401586,1.0844671215401587,1.0839136921985484,1.0840636921985485
2024-01-03T11:50:00Z,1.0840636921985485,1.0842218877217675,1.0839136921985484,1.0840718877217674
2024-01-03T11:55:00Z,1.0840718877217674,1.0842218877217675,1.083617747684422,1.083767747684422
2024-01-03T12:00:00Z,1.083767747684422,1.0839177476844222,1.0834499626150729,1.083599962615073
2024-01-03T12:05:00Z,1.083599962615073,1.083827964982961,1.0834499626150729,1.0836779649829609
2024-01-03T12:10:00Z,1.0836779649829609,1.0841167929919877,1.0835279649829608,1.0839667929919876
2024-01-03T12:15:00Z,1.0839667929919876,1.0842689833600438,1.0838167929919875,1.0841189833600438
2024-01-03T12:20:00Z,1.0841189833600438,1.0842689833600438,1.0833961609828942,1.0835461609828942
2024-01-03T12:25:00Z,1.0835461609828942,1.0837722526651519,1.0833961609828942,1.0836222526651518
2024-01-03T12:30:00Z,1.0836222526651518,1.08379026105846,1.0834722526651517,1.08364026105846
2024-01-03T12:35:00Z,1.08364026105846,1.0838937336298031,1.0834902610584598,1.083743733629803
2024-01-03T12:40:00Z,1.083743733629803,1.0842977860502159,1.083593733629803,1.0841477860502158
2024-01-03T12:45:00Z,1.0841477860502158,1.0842977860502159,1.0834819764810144,1.0836319764810145
2024-01-03T12:50:00Z,1.0836319764810145,1.0837819764810146,1.0833342006247166,1.0834842006247167
2024-01-03T12:55:00Z,1.0834842006247167,1.0837819272054152,1.0833342006247166,1.0836319272054151
2024-01-03T13:00:00Z,1.0836319272054151,1.0837819272054152,1.0830865286055515,1.0832365286055516
2024-01-03T13:05:00Z,1.0832365286055516,1.0837555158675651,1.0830865286055515,1.083605515867565
2024-01-03T13:10:00Z,1.083605515867565,1.0838476050207404,1.083455515867565,1.0836976050207403
2024-01-03T13:15:00Z,1.0836976050207403,1.0840592510172014,1.0835476050207402,1.0839092510172013
2024-01-03T13:20:00Z,1.0839092510172013,1.0840592510172014,1.0836165151018207,1.0837665151018208
2024-01-03T13:25:00Z,1.0837665151018208,1.0841199560243124,1.0836165151018207,1.0839699560243123
2024-01-03T13:30:00Z,1.0839699560243123,1.0843870739133097,1.0838199560243122,1.0842370739133096
2024-01-03T13:35:00Z,1.0842370739133096,1.084445293418344,1.0840870739133095,1.0842952934183439
2024-01-03T13:40:00Z,1.0842952934183439,1.0845038936415186,1.0841452934183438,1.0843538936415185
2024-01-03T13:45:00Z,1.0843538936415185,1.084571479451339,1.0842038936415184,1.084421479451339
2024-01-03T13:50:00Z,1.084421479451339,1.084571479451339,1.084055643135154,1.084205643135154
2024-01-03T13:55:00Z,1.084205643135154,1.0843556431351542,1.084018760965094,1.084168760965094
2024-01-03T14:00:00Z,1.084168760965094,1.0843187609650942,1.0839806303319808,1.0841306303319809
2024-01-03T14:05:00Z,1.0841306303319809,1.0843764787980694,1.0839806303319808,1.0842264787980693
2024-01-03T14:10:00Z,1.0842264787980693,1.084626434859797,1.0840764787980692,1.0844764348597968
2024-01-03T14:15:00Z,1.0844764348597968,1.084626434859797,1.0840618008393021,1.0842118008393022
2024-01-03T14:20:00Z,1.0842118008393022,1.0843618008393023,1.0840305485817223,1.0841805485817224
2024-01-03T14:25:00Z,1.0841805485817224,1.0847009124686373,1.0840305485817223,1.0845509124686372
2024-01-03T14:30:00Z,1.0845509124686372,1.0847009124686373,1.084215015411434,1.0843650154114342
2024-01-03T14:35:00Z,1.0843650154114342,1.0845150154114342,1.0840094529071114,1.0841594529071115
2024-01-03T14:40:00Z,1.0841594529071115,1.0843600294550693,1.0840094529071114,1.0842100294550692
2024-01-03T14:45:00Z,1.0842100294550692,1.0845711257526907,1.084060029455069,1.0844211257526906
2024-01-03T14:50:00Z,1.0844211257526906,1.0845739822665807,1.0842711257526905,1.0844239822665807
2024-01-03T14:55:00Z,1.0844239822665807,1.08490622241419,1.0842739822665806,1.08475622241419
2024-01-03T15:00:00Z,1.08475622241419,1.0851204209098317,1.08460622241419,1.0849704209098316
2024-01-03T15:05:00Z,1.0849704209098316,1.0853308759265543,1.0848204209098316,1.0851808759265542
2024-01-03T15:10:00Z,1.0851808759265542,1.0854694050518854,1.0850308759265541,1.0853194050518853
2024-01-03T15:15:00Z,1.0853194050518853,1.086051318326972,1.0851694050518852,1.085901318326972
2024-01-03T15:20:00Z,1.085901318326972,1.086051318326972,1.0857000279047553,1.0858500279047554
2024-01-03T15:25:00Z,1.0858500279047554,1.0860000279047555,1.0851991473317386,1.0853491473317387
2024-01-03T15:30:00Z,1.0853491473317387,1.085900210922118,1.0851991473317386,1.085750210922118
2024-01-03T15:35:00Z,1.085750210922118,1.085900210922118,1.0854857860643787,1.0856357860643788
2024-01-03T15:40:00Z,1.0856357860643788,1.0858127561754647,1.0854857860643787,1.0856627561754646
2024-01-03T15:45:00Z,1.0856627561754646,1.0861401438466798,1.0855127561754645,1.0859901438466797
2024-01-03T15:50:00Z,1.0859901438466797,1.0861401438466798,1.0854395789614149,1.085589578961415
2024-01-03T15:55:00Z,1.085589578961415,1.085739578961415,1.0851266671578883,1.0852766671578884
2024-01-03T16:00:00Z,1.0852766671578884,1.0854266671578885,1.0847263476736086,1.0848763476736087
2024-01-03T16:05:00Z,1.0848763476736087,1.0850263476736088,1.0845278136011023,1.0846778136011024
2024-01-03T16:10:00Z,1.0846778136011024,1.0849377227526067,1.0845278136011023,1.0847877227526066
2024-01-03T16:15:00Z,1.0847877227526066,1.08506876971331,1.0846377227526065,1.0849187697133098
2024-01-03T16:20:00Z,1.0849187697133098,1.085137838258142,1.0847687697133097,1.084987838258142
2024-01-03T16:25:00Z,1.084987838258142,1.085137838258142,1.0844846467871687,1.0846346467871688
2024-01-03T16:30:00Z,1.0846346467871688,1.084784646787169,1.0839071209280104,1.0840571209280105
2024-01-03T16:35:00Z,1.0840571209280105,1.0842207093243583,1.0839071209280104,1.0840707093243582
2024-01-03T16:40:00Z,1.0840707093243582,1.0842207093243583,1.0838027653159485,1.0839527653159486
2024-01-03T16:45:00Z,1.0839527653159486,1.084217611758878,1.0838027653159485,1.084067611758878
2024-01-03T16:50:00Z,1.084067611758878,1.0843931001654332,1.0839176117588778,1.0842431001654331
2024-01-03T16:55:00Z,1.0842431001654331,1.084427660523448,1.084093100165433,1.0842776605234479
2024-01-03T17:00:00Z,1.0842776605234479,1.084617693794792,1.0841276605234478,1.084467693794792
2024-01-03T17:05:00Z,1.084467693794792,1.0846749966383207,1.0843176937947918,1.0845249966383206
2024-01-03T17:10:00Z,1.0845249966383206,1.084807512814721,1.0843749966383205,1.084657512814721
2024-01-03T17:15:00Z,1.084657512814721,1.084807512814721,1.0843313444990033,1.0844813444990034
2024-01-03T17:20:00Z,1.0844813444990034,1.0846313444990034,1.0842864416455453,1.0844364416455454
2024-01-03T17:25:00Z,1.0844364416455454,1.0846356356697098,1.0842864416455453,1.0844856356697097
2024-01-03T17:30:00Z,1.0844856356697097,1.084840767788564,1.0843356356697096,1.084690767788564
2024-01-03T17:35:00Z,1.084690767788564,1.084840767788564,1.0844423324955077,1.0845923324955078
2024-01-03T17:40:00Z,1.0845923324955078,1.0848726243094409,1.0844423324955077,1.0847226243094408
2024-01-03T17:45:00Z,1.0847226243094408,1.0848726243094409,1.0845061646114618,1.0846561646114619
2024-01-03T17:50:00Z,1.0846561646114619,1.084806164611462,1.0844767790696297,1.0846267790696298
2024-01-03T17:55:00Z,1.0846267790696298,1.0849841588301359,1.0844767790696297,1.0848341588301358
2024-01-03T18:00:00Z,1.0848341588301358,1.0849841588301359,1.084185893737372,1.0843358937373722
2024-01-03T18:05:00Z,1.0843358937373722,1.0844858937373723,1.0838617756553535,1.0840117756553536
2024-01-03T18:10:00Z,1.0840117756553536,1.0841617756553537,1.0834912293059928,1.083641229305993
2024-01-03T18:15:00Z,1.083641229305993,1.083791229305993,1.0829078252760307,1.0830578252760308
2024-01-03T18:20:00Z,1.0830578252760308,1.0832078252760309,1.082738259165992,1.082888259165992
2024-01-03T18:25:00Z,1.082888259165992,1.083225617640924,1.082738259165992,1.083075617640924
2024-01-03T18:30:00Z,1.083075617640924,1.083225617640924,1.0828543966243283,1.0830043966243283
2024-01-03T18:35:00Z,1.0830043966243283,1.083203844144814,1.0828543966243283,1.0830538441448139
2024-01-03T18:40:00Z,1.0830538441448139,1.0834761485189917,1.0829038441448138,1.0833261485189916
2024-01-03T18:45:00Z,1.0833261485189916,1.0838080700520585,1.0831761485189915,1.0836580700520584
2024-01-03T18:50:00Z,1.0836580700520584,1.0838080700520585,1.0834907855683769,1.083640785568377
2024-01-03T18:55:00Z,1.083640785568377,1.0841291820407695,1.0834907855683769,1.0839791820407694
2024-01-03T19:00:00Z,1.0839791820407694,1.084152213705378,1.0838291820407693,1.084002213705378
2024-01-03T19:05:00Z,1.084002213705378,1.084152213705378,1.083642864149421,1.083792864149421
2024-01-03T19:10:00Z,1.083792864149421,1.083942864149421,1.0834942640613712,1.0836442640613713
2024-01-03T19:15:00Z,1.0836442640613713,1.0837942640613714,1.08312412993323,1.08327412993323
2024-01-03T19:20:00Z,1.08327412993323,1.0834241299332301,1.0829020964697966,1.0830520964697967
2024-01-03T19:25:00Z,1.0830520964697967,1.0832020964697968,1.082812592297778,1.0829625922977781
2024-01-03T19:30:00Z,1.0829625922977781,1.0833134885526228,1.082812592297778,1.0831634885526227
2024-01-03T19:35:00Z,1.0831634885526227,1.0837436810104142,1.0830134885526226,1.083593681010414
2024-01-03T19:40:00Z,1.083593681010414,1.0837436810104142,1.0830981356315696,1.0832481356315697
2024-01-03T19:45:00Z,1.0832481356315697,1.0834963424986348,1.0830981356315696,1.0833463424986347
2024-01-03T19:50:00Z,1.0833463424986347,1.0834963424986348,1.0829362065138453,1.0830862065138454
2024-01-03T19:55:00Z,1.0830862065138454,1.0833548807859612,1.0829362065138453,1.083204880785961
2024-01-03T20:00:00Z,1.083204880785961,1.0833548807859612,1.083022109123289,1.083172109123289
2024-01-03T20:05:00Z,1.083172109123289,1.0833221091232892,1.0825643826668272,1.0827143826668273
2024-01-03T20:10:00Z,1.0827143826668273,1.0830964569147195,1.0825643826668272,1.0829464569147194
2024-01-03T20:15:00Z,1.0829464569147194,1.0830964569147195,1.082645206736517,1.0827952067365172
2024-01-03T20:20:00Z,1.0827952067365172,1.0829452067365173,1.0825117316769237,1.0826617316769238
2024-01-03T20:25:00Z,1.0826617316769238,1.082811731676924,1.0822442935741012,1.0823942935741013
2024-01-03T20:30:00Z,1.0823942935741013,1.0825442935741014,1.0820807227549294,1.0822307227549295
2024-01-03T20:35:00Z,1.0822307227549295,1.0824876953651033,1.0820807227549294,1.0823376953651032
2024-01-03T20:40:00Z,1.0823376953651032,1.0824876953651033,1.082140384279869,1.082290384279869
2024-01-03T20:45:00Z,1.082290384279869,1.0825225497804398,1.082140384279869,1.0823725497804397
2024-01-03T20:50:00Z,1.0823725497804397,1.082613030243922,1.0822225497804396,1.082463030243922
2024-01-03T20:55:00Z,1.082463030243922,1.0829431956578042,1.082313030243922,1.082793195657804
2024-01-03T21:00:00Z,1.082793195657804,1.0829431956578042,1.082557499120088,1.082707499120088
2024-01-03T21:05:00Z,1.082707499120088,1.082857499120088,1.0821882846658766,1.0823382846658767
2024-01-03T21:10:00Z,1.0823382846658767,1.0827550902700198,1.0821882846658766,1.0826050902700197
2024-01-03T21:15:00Z,1.0826050902700197,1.0827550902700198,1.0823722182269953,1.0825222182269953
2024-01-03T21:20:00Z,1.0825222182269953,1.0829508663381398,1.0823722182269953,1.0828008663381397
2024-01-03T21:25:00Z,1.0828008663381397,1.0830467106164354,1.0826508663381396,1.0828967106164353
